"CP","Năm","Kỳ","DebtEquity","CurrentRatio","QuickRatio","GrossMargin","NetMargin","CashFlow_to_Profit","CashFlow_to_Debt","SellingExpense_Ratio","debt_to_asset","EBIT_to_Interest","AssetTurnover","ROA","ROE"
"POT","2013","1","0.91845806973088","3.2886862118975","2.2602135061889","1.6497040277953","0.0019364878798972","13.092177382245","0.0093791069257177","-0.21332995423655","0.47874805512936","-0.13060254321359","0.069544099679278","0.00013467130614729","0.00025836125403946"
"POT","2013","2","1.0207793793403","2.7851701599385","1.9565333197153","1.8837413571055","0.016221320649581","2.9118208607826","0.058183174678751","-0.039519200720218","0.50514142700404","-1.646569339018","0.27840265286449","0.0045160587018088","0.0091259583005056"
"POT","2013","3","1.1822229309933","2.6695230834976","1.9307477158118","1.8341669060014","0.01311306707535","-2.8827955218048","-0.025635814922836","-0.075325498865145","0.54175167633088","-1.3104698852364","0.16668770656177","0.0021857870767807","0.0047698746812196"
"POT","2013","4","1.1443944933209","2.3766226407584","1.7470997563817","1.896591161427","0.019729951656474","-0.72597730471802","-0.017907314484972","-0.038272068063928","0.533667894077","-2.5070206393816","0.34848210264342","0.0068755350383009","0.014743859474767"
"POT","2014","1","1.2157196097524","2.1906766416403","1.5683339797509","1.8004418429672","0.010333525519082","9.2724814563866","0.038014894775703","-0.074007648765996","0.54867935654018","-0.42952030310505","0.12169665361411","0.0012575554757083","0.0027863903278785"
"POT","2014","2","1.2921672527281","2.3445119310411","1.6645127938997","1.8150347628844","0.02964245220403","-3.4803410420275","-0.063349591199339","-0.055296064726712","0.56373166102524","-2.6777319947524","0.17718828792122","0.0052522953558187","0.012039139416263"
"POT","2014","3","1.4483228382721","1.9211442956618","1.3030823132565","1.8618003720458","0.015457773730085","-15.388978104319","-0.15048319863344","-0.070149325147492","0.59155713275715","-1.4274395345494","0.22841309552216","0.0035307579475699","0.008644435319446"
"POT","2014","4","1.7177239862978","1.8162363448415","1.2734278663645","1.8504655543542","0.022863734975205","-8.2760249961774","-0.1264084393103","-0.057902399155078","0.63204504760536","-1.8914220132094","0.26512800055685","0.0060618163392379","0.016474343665679"
"POT","2015","1","2.0932771921246","1.5436437049634","1.0538874548124","1.8319596416937","0.018867427388241","-20.702783604261","-0.18579287984184","-0.074142876085958","0.67671827065935","-1.1389944054313","0.23255698633294","0.004387752053265","0.013572533351062"
"POT","2015","2","2.7300578003181","1.4646958030653","1.0032991006551","1.8657610221497","0.023395623010588","-7.8651377292592","-0.12950254779994","-0.068094048608778","0.73190763963102","-2.6910983631119","0.377842890271","0.0088398698180113","0.03297322536847"
"POT","2015","3","3.1546081758333","1.390145119161","0.97081923983585","1.8536771498303","0.020810578554164","-12.457214894359","-0.13405110518895","-0.078035821003786","0.75930341498464","-1.2404802326084","0.30079917725512","0.0062598049072958","0.026007036646973"
"POT","2015","4","3.6311198918498","1.3656619063111","0.98848750667396","1.8622870013645","0.0098592822357385","12.812038657168","0.086408676403138","-0.082304651113353","0.78406950729998","-1.0142504699099","0.41523249359149","0.004093894347768","0.01895931554908"
"POT","2016","1","3.2197111374625","1.4345545136651","1.0713698578185","1.8571503845048","0.020900504369325","0.57575217838578","0.0064904047128355","-0.066137135172527","0.76301695366727","-1.3059858470852","0.30617483461149","0.0063992084685746","0.027002811245789"
"POT","2016","2","2.9550970118331","1.5340897851496","1.0990837240711","1.85262123875","0.022691216963605","16.237486127176","0.21261787762519","-0.054264749446519","0.74716170121538","-1.4605661185586","0.29587201775141","0.0067136961482568","0.026553319574326"
"POT","2016","3","2.4493154807663","1.7228061622271","1.207823197754","1.8265191117495","0.017925023555321","24.017576810588","0.21426264790504","-0.077015965534949","0.71008740558059","-0.83402455843178","0.21902692738942","0.0039260628327049","0.01354222930731"
"POT","2016","4","2.4595068165547","1.699714590539","1.2227439718679","1.8224006178321","0.016089484357996","25.736940513398","0.22264532930028","-0.072559091294142","0.71094145696874","-1.0322228598592","0.2402948604799","0.0038662203989982","0.013375215824637"
"POT","2017","1","2.6386950572744","1.6638835658181","1.0327666316574","1.8109998104743","0.02525985621297","-18.888915471069","-0.17352800587486","-0.056366801746554","0.7251762007369","-1.6713526728912","0.16512776576552","0.0041711036200061","0.015177374125495"
"POT","2017","2","3.2574975268449","1.4843339009192","1.1026987808869","1.8866262738063","0.018010241853679","-2.3875987963287","-0.033387016661386","-0.048576279353789","0.76512023936721","-2.5296446162615","0.41506444095444","0.0074754109664515","0.031826543701816"
"POT","2017","3","5.2159761220567","1.2735272440469","1.0741227293773","1.8797375252228","0.02001589606002","-6.6155233008229","-0.050133032723317","-0.048494552300996","0.83912422114177","-2.0982978865834","0.25600199943449","0.0051241094118379","0.03185134175079"
"POT","2017","4","4.6717975124307","1.4824279732578","1.2561515619509","1.8568457803047","0.014774496598998","-6.1326939625124","-0.042311819458106","-0.06166167994751","0.82368905134425","-1.0342179598538","0.26730297573626","0.0039492669059173","0.022399442212907"
"POT","2018","1","5.7528931836587","1.2040992412784","0.96549337115625","1.8356635087221","0.021825833084235","-31.607853977846","-0.11893132293155","-0.035948615371785","0.85191532387631","-0.76934301302641","0.10644114953428","0.0023231667630292","0.015688096998562"
"POT","2018","2","4.9712316469522","1.2314264442832","0.91318598641678","1.8333365657998","0.023028461879685","12.477275790656","0.081153300884694","-0.041129776128577","0.83253036239008","-1.0863038597169","0.16319683857561","0.0037581721760236","0.022440916632168"
"POT","2018","3","5.125230392242","1.2220335802964","0.95469559354058","1.8812587457396","0.017271936801139","-1.1927882428462","-0.011036554077356","-0.046878832660392","0.83674083488083","-1.5548349052024","0.31355153287535","0.0054156422597233","0.033172056562767"
"POT","2018","4","6.1983335245498","1.1871595707825","0.88074919920378","1.9265349388554","0.020162626008987","-1.9328413858852","-0.020260937581398","0.00071155536040599","0.86107895715175","-1.2537734106977","0.2173357681889","0.0043820598123688","0.031543528053957"
"POT","2019","1","6.5374589581838","1.1627792347612","0.91062042397606","1.8737716823011","0.018809075212648","7.1713257517991","0.031025650471923","-0.010293776887922","0.86732929418949","-0.56235331615929","0.097461591211979","0.0018331623994505","0.013817386349544"
"POT","2019","2","5.6486517371901","1.2088676636381","0.86116786246329","1.8335780007696","0.0139433219554","12.394031562369","0.055393105823322","-0.032466392677925","0.84959356580427","-0.35660848057864","0.11482925421297","0.0016011012613899","0.010645164682957"
"POT","2019","3","5.5426817846388","1.2342392162182","0.85444588691188","1.8316885065952","0.0031248442886972","79.066041594276","0.071008198550731","-0.035024535946916","0.84715747564739","-0.019357245887963","0.099253454739321","0.00031015159117563","0.0020292231660615"
"POT","2019","4","6.1009130415798","1.1285706688072","0.88603720555628","1.8814653303755","0.018739275096491","-7.2949200449215","-0.074285963990441","-0.027813787505718","0.85917303955922","-1.4068907266046","0.22842172737634","0.0042804575873209","0.030395157105736"
"POT","2020","1","5.9644679681945","1.1521023985505","0.91674005373108","1.8084611116371","0.0038727071311402","-0.51065638364621","-0.00030594828624141","-0.042489395829225","0.85641401402565","-0.12517853514662","0.063265049138953","0.00024500700695236","0.0017063434519029"
"POT","2020","2","5.7768787073931","1.1242716233612","0.87378283595879","1.8667475512448","0.0085809551747631","39.416765745089","0.09533583022408","-0.038176553658575","0.8524394425255","-0.13577562553093","0.11019053468426","0.0009455400388088","0.006407810155991"
"POT","2020","3","6.15733949461","1.1136208063693","0.87120574782741","1.8698968633912","0.010677245682119","7.0702266740709","0.018225568257475","-0.032204304607949","0.86028327973641","-0.18072016167966","0.10296342231455","0.0010993657563243","0.0078685339467618"
"POT","2020","4","5.463280383528","1.019472509716","0.82617189670896","1.8739015858592","0.026739274478577","-5.3100135423587","-0.069211061376981","-0.031401704294458","0.84527980519791","-1.8149929717252","0.21877399917008","0.0058498580125848","0.037809272539164"
"POT","2021","1","5.6334882585071","0.98200356465818","0.74145937107302","1.833573624533","0.00069848478109398","491.37569649998","0.05734072598815","-0.037070852375978","0.84924975201131","-0.12271948801633","0.07579496860014","5.2941632050694E-5","0.00035118769459448"
"POT","2021","2","5.0696675600046","0.95730741077929","0.60495661152894","1.8446199442024","0.012473276761008","-25.75526220098","-0.081958132828143","-0.029743823539863","0.83524633101994","-0.39910428689439","0.10563900946772","0.0013176646018496","0.007997786088813"
"POT","2021","3","5.0578344592731","0.98641103540352","0.66399951419851","1.895453005038","0.0013164676414453","-139.31656427859","-0.068889139560963","-0.022322311856155","0.83492450863043","-0.068484316742322","0.15190015938737","0.00019997164456385","0.0012113951193164"
"POT","2021","4","6.4005172500478","1.1169640596952","0.86444375969923","1.8719453541727","0.022633655598278","0.96850905240194","0.0095956251593631","-0.040328223920231","0.86487430996887","-1.335801620987","0.18560391220558","0.0042008950265541","0.031088796109654"
"POT","2022","1","6.3710712549792","1.0515168262951","0.77749721034559","1.8868140128377","0.0024427836977837","149.65148851702","0.08355936322059","-0.0079414122689767","0.86433450913604","-0.0050969605696615","0.097824954714071","0.00023896520461196","0.0017614295506554"
"POT","2022","2","5.8348065973696","1.078153852003","0.7345755462258","1.859394778405","0.013844950068547","-18.648119139807","-0.081934701146753","-0.024273765439605","0.85369008094759","-0.35730966427802","0.12873573801697","0.0017823398648824","0.012181948267253"
"POT","2022","3","5.9359630871412","1.0704837869931","0.67585515305779","1.8834465843715","0.0034311293576093","-112.69856491648","-0.13429303498027","-0.015056113646715","0.85582391552026","-0.085737896935621","0.14017569317713","0.00048096093608328","0.0033359272990305"
"POT","2022","4","6.100285198919","1.0989277976955","0.76714048869551","1.9060653980154","0.014645443241953","-2.1639212429115","-0.02077174222218","-0.014883280879906","0.85916058693639","-1.0083870161922","0.27815478114192","0.0040737000596919","0.028924432238666"
"POT","2023","1","6.3008727605927","1.0595097281294","0.67363548068607","1.8893219840112","0.0023538708893985","19.219698857797","0.010253087902785","-0.014532687651007","0.86303007424022","-0.095116036322051","0.10116349630693","0.00023812580902665","0.0017385262327168"
"POT","2023","2","5.9784858482991","1.0536510242462","0.66378841243295","1.8773472554151","0.0016802468217616","14.804887774374","0.0062165715219612","-0.00077505181433266","0.85670243921986","-0.098783727025891","0.10749561729226","0.00018061916930863","0.0012604483169518"
"POT","2023","3","6.1513171275437","1.0568088527447","0.58231862793425","1.8759486522127","0.00023887115595728","-703.82988123618","-0.020469239634526","-0.020863449172076","0.86016561954043","0.87201472333976","0.05167666812814","1.2344065451789E-5","8.8276326688902E-5"
"POT","2023","4","6.7467727688004","1.0651216179403","0.75470652262696","1.9258981486385","0.0027343946051602","-40.025289326538","-0.055046597769091","-0.0034576249746744","0.87091398833493","-0.9300770547255","0.23376235129172","0.00063919851226163","0.0049517256286461"
"POT","2024","1","5.6500466791968","1.1078980085557","0.62167236458291","1.8408922019805","0.00076785412471631","248.1436592069","0.023454277478902","-0.023087276353158","0.84962511569606","-0.075928103987577","0.046235434018436","3.5502068719105E-5","0.0002360904141901"
"POT","2024","2","5.8128127039006","1.0810899706284","0.63969860292218","1.9223009675139","0.00058808446487889","198.39694955279","0.055480587732002","-0.0075121314615637","0.85321774669844","0.45698532050092","0.19048206894601","0.00011201954558514","0.0007631681832476"
"POT","2024","3","6.2568815733851","1.0891256966919","0.62947074667193","1.9387401363324","0.0014436351864106","-257.85286021813","-0.16768280198215","-0.010091830566207","0.86219976309555","-0.077528960785194","0.19396501951296","0.00028001472710171","0.0020320337133809"
"POT","2024","4","7.2788079931759","1.1129072827133","0.80376134131062","1.952812812199","0.0035344441083947","34.950011724458","0.068684763527246","0.0064915081949683","0.87920966390037","-1.408567553947","0.26968895770377","0.00095320054765519","0.0078913643130274"
"FPT","2007","1","0.87571119035717","2.1632229376095","1.5480802593219","1.9288557490707","0.027376059751464","0.44515233293694","0.050649555243964","-0.019473608327882","0.44654750331455","-11.887659652058","1.7115716921973","0.046856088914508","0.091888099461395"
"FPT","2007","2","0.906278704545","2.0696338998724","1.5017822796881","1.9075463638754","0.034745001082773","0.2025962174554","0.025842330753944","-0.022161726184098","0.4502508713343","-15.984535915768","1.5691299003083","0.054519420085223","0.1097383537781"
"FPT","2013","1","0.9992586082784","1.5762018512241","1.0976996952001","1.8614364763409","0.041612018991229","0.10614443335527","0.0060514174682699","-0.02955601546469","0.46404371997184","-8.7505293359723","0.6124923685843","0.025487044073512","0.054883079102058"
"FPT","2013","2","1.0627016724969","1.572402642015","1.1528915835759","1.8537784511564","0.047639128202395","0.56446834205804","0.035016527597065","-0.031784656141887","0.47850935266115","-8.1170119242208","0.60145091786784","0.028652597383754","0.063633370992143"
"FPT","2013","3","1.1095016426871","1.5273427141869","1.1426612222108","1.8878326837139","0.02754777968125","1.6373486247725","0.073358693219727","-0.02867193918125","0.48762429880459","-8.4023044520392","0.76392847939145","0.021044533442508","0.04788306177786"
"FPT","2013","4","1.2986857998524","1.4273902622538","1.0546521270189","1.8548212667723","0.04200939720282","1.5293262206726","0.0798740358453","-0.042338903707522","0.53145175992966","-11.441633099195","0.64045149525989","0.026904981253513","0.065746545093496"
"FPT","2014","1","1.150002152172","1.5058460633513","1.0885505531675","1.8762290580543","0.033266465656748","-0.82932303993299","-0.035637587627896","-0.031699858872428","0.49925459566059","-9.2251603692437","0.62290306665582","0.020721783474389","0.047731349494858"
"FPT","2014","2","1.1709829307901","1.480034908866","1.0642593093337","1.8545677305926","0.04001582687314","1.8781616284997","0.093372930142143","-0.036255779588667","0.5001127830941","-7.1341416576461","0.60143921682383","0.024067087575139","0.056351586476078"
"FPT","2014","3","1.4403071706537","1.3914158276441","1.0181927440276","1.8807868865853","0.028870798416731","1.123020098468","0.040950031073689","-0.030805334580231","0.55088749431066","-7.6020909227882","0.6756938139357","0.019507819893569","0.051003613563033"
"FPT","2014","4","1.6947205607469","1.2984811096097","0.94843319329189","1.8846804988236","0.029382590511537","0.46792763187285","0.016138463246744","-0.035366149591913","0.5915890635913","-4.7386854784213","0.67667272829527","0.019882397685825","0.056956949052716"
"FPT","2015","1","1.4750953269617","1.3779602268119","0.96950874848129","1.8044643287543","0.049142133052285","-0.33198595219848","-0.011903712183738","-0.060490081799511","0.55672044831388","-5.2057506936607","0.38914969046284","0.01912364586598","0.050670315302436"
"FPT","2015","2","1.2754053784415","1.3161707428977","0.92634297522865","1.8068387122502","0.048950123124289","1.8448989346437","0.068272500031048","-0.056115583493396","0.5605178710244","-4.9817547152097","0.41310346908485","0.020221465674774","0.046012031756352"
"FPT","2015","3","1.3743237528932","1.2938193761494","0.92951304107435","1.7990444546375","0.040836050904993","1.1896941511726","0.035588588979193","-0.061845218998352","0.578827445591","-3.1901145658971","0.40239044218401","0.016432036580709","0.039014974761988"
"FPT","2015","4","1.5528197871359","1.2974970498939","0.94093337353946","1.7934087714017","0.063389332373382","0.049172941911672","0.0021999454499645","-0.047919229392125","0.60827630487699","-5.0947256473022","0.40214603765007","0.025491768843239","0.065075891912115"
"FPT","2016","1","1.3203316243454","1.3485892366199","0.95559017788519","1.8008447752746","0.040830248544387","1.2028521213582","0.032113919053369","-0.070579265755234","0.56902712116329","-4.4601992742836","0.34283712618658","0.013998125072441","0.032480292287128"
"FPT","2016","2","1.3229690618026","1.3378760312106","0.98512009231537","1.7841664726871","0.057599103973113","2.866886024176","0.11117957707218","-0.064157921483582","0.56951643633858","-3.0126167582407","0.35347016793687","0.02035956495439","0.047294639500808"
"FPT","2016","3","1.4078474554738","1.3183112559453","1.0070909813408","1.7727815960656","0.047954635059393","3.3036459340253","0.10772178818487","-0.071600178351276","0.58469129855934","-3.8988365162992","0.36954750852189","0.017721515908275","0.042670706986878"
"FPT","2016","4","1.6128953964134","1.2638575798723","1.0044402649273","1.7752239087461","0.053319428059217","1.1923361951162","0.04511799810758","-0.067807629457636","0.61728280383032","-3.527679567507","0.41452877799549","0.022102437356806","0.057751356819114"
"FPT","2017","1","1.3374634513609","1.365971235838","1.0400597894723","1.7796255001739","0.043841011399933","-2.5503441258011","-0.070980754961","-0.077445442258835","0.57218582416004","-3.1453531359088","0.33631424037907","0.014744356446419","0.034464394307341"
"FPT","2017","2","1.308253735531","1.3719979326556","1.088491578424","1.7555391320198","0.051442744962211","2.7560672189901","0.095685389598043","-0.072599629997641","0.56677206469681","-4.1242996359216","0.3546592076295","0.018244643166584","0.042113265742698"
"FPT","2017","3","1.2782103394213","1.3803766682201","1.1017032851296","1.7769557331494","0.053792816862431","1.5676163015836","0.05792141498094","-0.069825648028166","0.56105896690206","-6.3618588950737","0.36476408940278","0.019621687859235","0.044702332157807"
"FPT","2017","4","0.89084548428382","1.4424053670626","1.3523464708","1.7718884499629","0.1136103785149","0.39926232106315","0.050929479496932","-0.069516987748685","0.4711360561655","-14.957680800783","0.49932570834391","0.056728582727171","0.10726498447949"
"FPT","2018","1","0.79936793774745","1.5100191904226","1.3977829514745","1.6094189217579","0.10714344640282","-0.23096771693979","-0.011171247470594","-0.088976635209797","0.4442492949764","-5.4210181505881","0.18994777638786","0.020351659398748","0.036620123402064"
"FPT","2018","2","0.89305494006699","1.4080321811576","1.3008070189586","1.6345311326409","0.10855933955393","2.4461355446552","0.12214214040389","-0.082560753324148","0.47175331321097","-12.562057632309","0.20825657820842","0.022608196588068","0.042798558237048"
"FPT","2018","3","0.98243897608287","1.3070021461407","1.1913408722927","1.6196739846139","0.12009788714695","1.3398969761052","0.072702800101866","-0.08408383086498","0.49557085384998","-15.874667262276","0.21495271199005","0.025815366546511","0.05117738882367"
"FPT","2018","4","1.0135686630488","1.2730885548271","1.1801928370927","1.6301718086289","0.11311995437543","1.6229496066912","0.088440287075245","-0.095721171819544","0.5033693072647","-12.183400100441","0.23388491134315","0.026457050500239","0.053273087803981"
"FPT","2019","1","0.85081821780181","1.3312048006276","1.2158953270715","1.5977519634578","0.11052793246542","-0.52696300878975","-0.025968574551821","-0.086223913609942","0.45969842398262","-7.7263800121858","0.19710645355033","0.02178576878651","0.04032149775889"
"FPT","2019","2","0.92185507169398","1.2644861151239","1.1576186746803","1.6223029131055","0.11598501804204","1.5719440556128","0.088162832261075","-0.082985974114797","0.47966940133599","-5.7022093221803","0.22471599664831","0.026063688925589","0.050090632748698"
"FPT","2019","3","0.98612796167215","1.1965324618785","1.104015467866","1.6083081753076","0.13514322194383","1.037378865067","0.064656418284396","-0.078687176134186","0.49650776823157","-10.331071437217","0.22010759284265","0.029746049271057","0.059079460206523"
"FPT","2019","4","0.99461439346027","1.1686032478743","1.0897759161522","1.6218032975227","0.093253237231654","2.9727403435028","0.13817544880003","-0.089550789404857","0.49864996298097","-6.6129354000777","0.24125047896998","0.022497388147638","0.044873614214541"
"FPT","2020","1","0.95208864820089","1.2360963580023","1.1597086789889","1.6041998813708","0.11267594074107","-0.59421429338025","-0.028029815711174","-0.093539625927814","0.48772818236424","-6.2279096994677","0.1926556271934","0.021707654033077","0.042375265017042"
"FPT","2020","2","1.0058846229969","1.2344039429242","1.1578845028245","1.6100639398626","0.12588971389629","2.7544676722294","0.14244403053049","-0.097875858558327","0.50146683984946","-11.944737205796","0.19435969388218","0.024467886255797","0.04907975679774"
"FPT","2020","3","1.0767077663259","1.2113821796325","1.1415481286274","1.6029753511858","0.12298053715586","2.0917253710184","0.1047325291894","-0.083071758595095","0.5184685990898","-12.574868198257","0.20004336017266","0.024601439888496","0.05109000127924"
"FPT","2020","4","1.2442659873523","1.1441407393938","1.0865014741101","1.5995108746356","0.11340454487272","2.4438678814857","0.10731491668722","-0.099066807117484","0.55442001721919","-9.3594258328107","0.20758853775769","0.023541483645205","0.052833351036744"
"FPT","2021","1","1.2541105530813","1.2149723755374","1.1436352111133","1.6184547938613","0.1194441791345","-0.86355549917747","-0.0340692869032","-0.11232245144154","0.55636603598123","-9.7779997925391","0.17057786975312","0.020374533631173","0.045926451272137"
"FPT","2021","2","1.3422876736687","1.1858639057143","1.1118490129086","1.6019095498701","0.11572147065656","2.1018314547034","0.084110664576484","-0.096036463864118","0.57306695875076","-4.210980163056","0.18394242486929","0.021286087922008","0.049858141360347"
"FPT","2021","3","1.373772967344","1.184013406148","1.1085022892137","1.6274080614048","0.12891880451802","1.4121019109491","0.061348568110149","-0.092149912280013","0.57872972109927","-5.8010405206804","0.18085177782065","0.023315194991598","0.055344979599408"
"FPT","2021","4","1.5068254332284","1.1779575479615","1.1273952316569","1.6174937504427","0.12159149290867","2.2544889044137","0.098427068774118","-0.1145306099268","0.60108909589602","-4.741948657072","0.19934310447273","0.024238425673888","0.06076150194072"
"FPT","2022","1","1.4217224707009","1.2150045009601","1.1538883813188","1.5937083085626","0.12732241571479","-1.4840018818876","-0.06100345902956","-0.10350115354149","0.58707076797673","-6.6251218290254","0.17500047584333","0.022281483335611","0.053959568874396"
"FPT","2022","2","1.404593246964","1.2217132483062","1.1491377692981","1.6193873338025","0.12389194076629","1.6271706198714","0.066915247422663","-0.10041769240873","0.58412924877728","-5.4511423806579","0.17934028328461","0.022218815753706","0.053427214316899"
"FPT","2022","3","1.2916375299593","1.2289931657272","1.1527451051747","1.6089642002793","0.13039499349782","1.9390886304754","0.098226300895977","-0.10148418022656","0.56363081555147","-4.816453112835","0.20223372377171","0.026370265096252","0.060431089169547"
"FPT","2022","4","1.0382530832972","1.2608475280113","1.1807232426886","1.5981365985735","0.10363110955896","1.4787137048082","0.081462959514104","-0.11357864028692","0.50938379134825","-3.0700179532034","0.25248907352095","0.026165722840491","0.05333236525633"
"FPT","2023","1","0.87505359671156","1.281250097296","1.1907556404745","1.6089606333013","0.12785841430286","-0.95522962151666","-0.061913117553793","-0.094327180478152","0.46668191151774","-4.2207498696584","0.2302150474529","0.029434930915985","0.055192073082974"
"FPT","2023","2","1.116583336996","1.2388053144398","1.1739776018536","1.6288297738905","0.12088877729128","2.1652056333419","0.10444519815871","-0.099187792651749","0.52754045516617","-7.6166197017226","0.20626995718516","0.02493572291604","0.052778535620039"
"FPT","2023","3","1.1866306188584","1.1961103322762","1.1429325584506","1.6006052301755","0.12638952133581","2.1295274161231","0.11207039140129","-0.10421457144156","0.54267538770581","-5.9994865246942","0.22156097249153","0.0280029852599","0.061232184988736"
"FPT","2023","4","1.0143101730882","1.2373747383594","1.183665363838","1.616629997135","0.11765496288229","2.2998514269797","0.13398811960126","-0.089592873391316","0.50355212749242","-4.5240629426487","0.24352002451968","0.028651339445958","0.057712684518595"
"FPT","2024","1","0.95494397636598","1.2977960117173","1.2338552565843","1.6089907279504","0.12758390667622","-0.36573418650205","-0.022649991783751","-0.097137272365076","0.48847639007084","-7.5300467425881","0.22721475906569","0.028988946616096","0.056671766568332"
"FPT","2024","2","0.99429868215437","1.302422474602","1.2423484693504","1.6293031557105","0.12299973233369","1.9885663075918","0.11893097671255","-0.10417768066095","0.49857059579474","-7.81365762886","0.23351360258583","0.028722110614333","0.057280467346857"
"FPT","2024","3","0.91101784502308","1.3757056899639","1.3092176332671","1.6127130282607","0.131351042585","1.5491497089953","0.10448765696107","-0.098338708160608","0.47671864885808","-9.5666085362176","0.23531293641922","0.030908599532402","0.059066885271092"
"FPT","2024","4","1.0152519727757","1.307144971961","1.2538453067215","1.6377989724319","0.11896567710987","2.5762587955476","0.15491238041653","-0.090581245831518","0.50378413542865","-3.5133042158828","0.24455303975969","0.029093417964288","0.058630567947318"
"VGI","2013","1","0.97955682858889","1.1655490247179","0.9630486801801","1.9586954032152","0.011076536983647","-20.428813960143","-0.082447084072229","-0.031460163002509","0.47803681842755","3.8401719363605","0.12362018712584","0.0013692835746246","0.0028058321537035"
"VGI","2013","2","1.1674452669036","0.88401964853779","0.64347164670197","1.5985778182107","0.1629451628048","-1.34630493384","-0.070551167129464","-0.023365073867305","0.51695112423085","-2.0059119309783","0.14536805637016","0.023687021611853","0.053493067277774"
"VGI","2013","3","1.3394771122905","1.005000984601","0.66164907128747","1.687635334968","0.19073135981705","-0.80837768627611","-0.04468127857369","-0.02127290280513","0.55059983286244","-8.9581256319019","0.14484835520201","0.027627123754941","0.067210154706687"
"VGI","2014","1","0.80015385845443","1.5383023483096","1.1555652874103","1.6673343747895","0.18852716831738","-0.7330960825958","-0.037240177302328","-0.029487510906558","0.43415686769993","-6.6413895792069","0.10365298792978","0.019541404302037","0.036014931963945"
"VGI","2014","2","0.92117595144808","1.4664391045512","1.0406826920243","1.7136507565171","0.19613354615396","1.2246775847769","0.073895640167491","-0.038202290881427","0.46872635737245","-6.5027565581518","0.12483694157103","0.024484712041341","0.048119179892187"
"VGI","2015","1","1.2095832400894","1.2762674761144","0.91001983723451","1.7641455290693","-0.021540213414001","8.8454475158915","-0.046769945046556","-0.036584249850601","0.54448155563124","0.43572039294202","0.10722556523595","-0.0023096615586192","-0.005130987234904"
"VGI","2015","2","1.9499760734697","1.377090713639","0.95767378290578","1.7708273460867","-0.19645824622708","1.3122637699524","-0.059886836025498","-0.049966262127507","0.66101419974441","0.39194753287098","0.090712774252035","-0.017821272539948","-0.05257232759163"
"VGI","2015","3","2.157583569757","1.1849276044436","0.81293935386814","1.7002603393817","0.16967152345462","1.2239490011711","0.038859954216649","-0.051470415050141","0.68330212711458","-0.66767514837135","0.09421389633972","0.015985415322556","0.050475284778243"
"VGI","2015","4","1.7563755109395","1.2131145936154","0.86060644255797","1.6628531700515","0.25954095993997","2.4841133271914","0.14745897769414","-0.06399231232698","0.63720472917018","1.3360970452675","0.088223514894137","0.022897615744903","0.063114427298153"
"VGI","2016","1","1.8818124773155","1.0206433275447","0.71470100935269","1.9551245319875","-0.24313983956334","1.3543628614834","-0.061971388430181","-0.06546188654181","0.65299615853855","1.4054959158798","0.082502035075891","-0.020059531572001","-0.057807808373297"
"VGI","2016","2","2.6620791273312","1.0082510524387","0.69972682736384","1.8275318550208","-0.23108229368055","-0.31784656663514","0.015661925615152","-0.074275020473567","0.72693107788504","0.72603374748261","0.096764830865252","-0.022360639063953","-0.081886429589888"
"VGI","2016","4","1.5539275665533","1.1642942178765","0.89659948266187","1.733682816278","-0.073434204422045","-4.4248154307359","0.080038616361019","-0.096519699240375","0.60844621707515","0.49693623214424","0.094581736215064","-0.006945534551809","-0.017738392156313"
"VGI","2017","1","1.6108499172456","1.3170715726005","1.0367707282251","1.8420094887","-0.046138315461745","-0.02643885629313","0.00024538302011196","-0.090442950110331","0.61698296275299","0.56245500546835","0.086013371649662","-0.0039685120751004","-0.010361189422864"
"VGI","2017","2","1.6028596224813","1.0067249532674","0.78634651742898","1.7750030645065","0.077486405275856","2.3254248194426","0.039959180545634","-0.091031849593343","0.61580717171113","-0.6322137976636","0.096460692579238","0.0074743923183846","0.019454793968108"
"VGI","2017","3","1.7155134212199","0.97273195009995","0.71940734129198","1.7068641853843","-0.012547612902553","-10.675390098074","0.024521864207469","-0.10292601588298","0.63174551368972","-0.082574791119163","0.084499388619185","-0.001060265618896","-0.00287916551817"
"VGI","2017","4","1.8153239011007","0.85019805441476","0.67134331596694","1.7444977609848","-0.075188138001553","-6.3782483261304","0.13250226027234","-0.089074278025559","0.64480108323983","0.50096656595502","0.1167531945874","-0.0087784553067595","-0.024714195039864"
"VGI","2018","1","1.8190733955126","0.84270914123285","0.65103944538251","1.7706276772476","-0.037275803697778","-4.6637915405118","0.033529247809282","-0.093717728443983","0.6452735137752","-0.055493012397253","0.076284961736382","-0.0028435832587779","-0.0080162699127457"
"VGI","2018","2","1.8761713925011","0.87312956425897","0.67764477499484","1.7023402452804","-0.067382316550167","-3.9335767786205","0.054040341428605","-0.094498087486005","0.65231557388852","0.36233160186458","0.079617465807037","-0.0053648092839319","-0.015430110988669"
"VGI","2018","3","1.4056165383842","1.2233882191401","1.015339527899","1.6969765646951","-0.10398246349209","-2.5493667000344","0.05504814377482","-0.094866463576101","0.58430615019314","0.47105183449009","0.07502145822749","-0.0078009160412632","-0.01876601264341"
"VGI","2018","4","1.3164605203815","1.4158316687981","1.1342763771544","1.6541909294262","0.017920314470272","31.4264471222","0.14475341520622","-0.078264993279928","0.56830690995964","-0.0080337146721197","0.076363726635944","0.001368461995438","0.0031699881860747"
"VGI","2019","1","1.3804922897011","1.1997257371614","1.0011808790354","1.6515948206199","0.019072293126605","30.132610352438","0.12354613459991","-0.085013498722697","0.579918824217","-0.20361716352235","0.063842974241124","0.001217631918801","0.0028985633943997"
"VGI","2019","2","1.354297668736","1.1840780558803","1.0141492602109","1.6436344574523","0.16003612783134","2.3669593000018","0.081687297045669","-0.099623400846215","0.57524487524261","-4.3022807355534","0.068757346690028","0.011003659524229","0.025905889965458"
"VGI","2019","3","1.3668970454732","1.4063747532309","1.1613068499376","1.6125747801687","0.012980675478742","28.143947170121","0.092717196426175","-0.092867183000476","0.57750591564067","-0.78576996172392","0.073902216474123","0.00095930068921033","0.0022705659670123"
"VGI","2019","4","1.4615745657311","1.2037843559144","1.0147503615486","1.723488499052","0.092947819593985","1.9837034147531","0.045456190417732","-0.088274648348981","0.59375595851471","-1.1370386080092","0.075423619452279","0.0070104609739758","0.017256772427589"
"VGI","2020","1","1.0662082304887","1.4953590083045","1.3484135109897","1.6202735260339","0.22365831200917","0.31841886872973","0.020128594117258","-0.095872842469744","0.51602167427071","-1.0778197892427","0.07036873462097","0.015738552403547","0.032519126512187"
"VGI","2020","2","1.0088976897411","1.5860393799935","1.4374274053739","1.6223384864666","-0.040424492291118","-11.360313891792","0.13881268566335","-0.092915159443429","0.5022145701562","-0.058617066980512","0.072899272220256","-0.0029469160678959","-0.005920052880657"
"VGI","2020","3","0.92455446793427","1.6354991600904","1.4687043530278","1.5822917056617","0.15295275152646","2.7012688500831","0.15888971714257","-0.089530933337759","0.48039922139831","-1.0882810199437","0.094457700491491","0.014447565193036","0.027805126143029"
"VGI","2020","4","0.94932439521845","1.6644345839324","1.5402507643208","1.7291868416427","-0.2612363118736","-1.7092848185076","0.12653686461182","-0.12255580671504","0.48700175175926","1.3985814244324","0.076699730019978","-0.02003675459212","-0.039058134527424"
"VGI","2021","1","0.96417301560048","1.5995618672135","1.4729529121056","1.5894611168986","-0.14277516316686","-0.43535085577751","0.017135171092136","-0.10093621257048","0.49087988071444","0.21472404367826","0.081597645003342","-0.011650117079384","-0.022882845595912"
"VGI","2021","2","0.9036407707355","1.6968064951127","1.5810084690388","1.6229559977049","0.099980154914273","3.0753521964142","0.095763503239537","-0.084386776180773","0.47469080544349","-1.7944989138177","0.092375210430821","0.009235687849112","0.017581431935356"
"VGI","2021","3","0.85882562776424","1.7773806746899","1.6673683403625","1.5557128278205","-0.0013084962161086","-383.70075333593","0.17187305137742","-0.090218527397334","0.46202592375339","-0.47944567704793","0.10195971553112","-0.00013341390196798","-0.0002479931800781"
"VGI","2021","4","0.86784802591076","1.8835594933874","1.7718258635378","1.7535338873668","-0.19020731027461","-1.3084553492601","0.064202384687885","-0.12762999006616","0.46462453790244","1.9900090430665","0.075848657422057","-0.01442696911619","-0.02694738578355"
"VGI","2022","1","0.73884465554305","2.1200887330596","1.9998244577504","1.5215713654918","0.21876821328449","4.8191063329702","0.37972713370916","-0.095371005859035","0.42490549871018","-2.5477298125275","0.10434628863573","0.022827651127706","0.039693739162013"
"VGI","2022","2","0.7145655689127","2.2903443383726","2.1701350126332","1.544163024955","0.15812237034879","2.8118650814983","0.16564168697388","-0.098076368368336","0.41676187943389","-2.2681927676262","0.11128495301575","0.017596640555003","0.030170594024142"
"VGI","2022","3","0.70661567002663","2.2603724910906","2.1235037433617","1.4298001918665","0.24748693117208","1.3104796314022","0.12119881180505","-0.10796341005044","0.41404499116992","-4.3368411736206","0.11566756042818","0.028626209566531","0.048853937819708"
"VGI","2022","4","0.72274260988816","2.0782009897888","1.9483420318506","1.5648739821239","-0.46061186998274","-1.3183666976666","0.22475257836229","-0.13150578548302","0.41953023379104","3.5053973024198","0.12184477618337","-0.05612315020545","-0.096685742260082"
"VGI","2023","1","0.70094924622879","2.1327751391894","2.015294203534","1.4989121855657","0.057346959827972","7.7062313147181","0.17245643499388","-0.11745877167051","0.41209298148247","-1.0584990238601","0.12833153588114","0.0073594234328378","0.012518005740764"
"VGI","2023","2","0.67998631646543","2.1100070130013","1.9561133267035","1.541285349285","-0.21028196452511","-1.6241890814737","0.14613875976961","-0.11483795286277","0.40475705653131","0.63715089222886","0.14138545012313","-0.029730810207158","-0.049947354325456"
"VGI","2023","3","0.69827342544478","2.1324168250388","1.9653618281186","1.4880987826004","0.15076493014606","4.7355630384399","0.30897317541529","-0.13709269808854","0.41116666785379","-2.4423041181855","0.14419425817089","0.021739437260597","0.036919508583797"
"VGI","2023","4","0.72485497197813","2.0958720442774","1.9557676541488","1.4538436560697","0.053330842080876","6.9068169051771","0.15524514113044","-0.16414454511361","0.42024111229876","-2.7049665269779","0.14442193696668","0.0077021435133844","0.01328508053395"
"VGI","2024","1","0.7240872515793","2.201256578562","2.067309267722","1.4775160178675","0.16390309204532","3.0888108361346","0.21332885311991","-0.13788677910643","0.41998295093014","-3.1130886717465","0.14280731069312","0.023406559789279","0.040354951336024"
"VGI","2024","2","0.7060443695578","2.3187105791574","2.1809829854759","1.4447482586602","0.096511016981923","3.6389367451593","0.16454892208807","-0.14787339392894","0.41384877331227","-2.2774016881447","0.15192900302854","0.014662822591334","0.02501542592377"
"VGI","2024","3","0.75166605567441","2.2385285158573","2.0978427975162","1.4805358804054","0.019529721944377","28.173156231975","0.24383881163967","-0.10324437431582","0.42911492932082","-1.440108778962","0.15302679399549","0.0029885707367714","0.0052349779145844"
"VGI","2024","4","0.76825802762709","2.1671389322651","2.0438776306961","1.4670889067257","0.34456450050054","1.215804605568","0.17985441357079","-0.12147715879298","0.43447167530072","5.5798069787061","0.15199290822231","0.052371360501244","0.092606078624077"
"ABC","2016","1","0.59224788976366","2.4666776638498","2.365065489058","1.9795333809911","0.010575039819839","2.4083214713555","0.097387395127881","-0.0017865126169889","0.37195708882464","-42.968643682163","1.4202676343692","0.015019386788283","0.023914586919188"
"ABC","2016","2","0.70424397381876","2.3428688297747","2.1247383025445","1.9792523842188","0.011468768541879","-3.5578985959785","-0.16737529323368","-0.0019740964994506","0.41322955201111","-42.666096812351","1.6700344253998","0.019153238281879","0.032641790921008"
"ABC","2016","3","0.68653528366178","2.3695039669862","2.191439594831","1.9809358359058","0.011835620309221","0.44880159078708","0.02302239103648","-0.0017017609400745","0.40706843806504","-43.983838160391","1.7388393490539","0.020580242314135","0.034709304809097"
"ABC","2016","4","0.71608838117275","2.3099450356037","2.1023469915296","1.9807031263035","0.011474013516889","-0.60512586239751","-0.028472299473318","-0.0021635522899591","0.41727942979451","-29.99569817052","1.6891737363651","0.019381602283426","0.033260542487099"
"ABC","2017","1","0.57290363502878","2.6507730690675","2.3814112651025","1.9903413869187","0.0015697009317418","24.010912416617","0.20336388515111","-0.0022582705484012","0.3642331432582","-6.8466366138914","1.9330970526678","0.00303438424472","0.0047727940085941"
"ABC","2017","2","0.25040785908943","4.926915910332","4.7146889972318","1.9875355671729","0.21276054596645","-0.5282011762025","-0.70445130518817","-0.002174912657786","0.20026094467431","-8.3416284605411","1.2202339021931","0.25961763123738","0.3246279264574"
"ABC","2017","3","0.1994739208039","5.9688938802549","5.4395646245492","1.9917804357217","0.01731759012175","-15.256559002879","-0.8566013530446","-0.0027490821856935","0.16630117365971","-25.189660004084","0.50598603780556","0.0087624588100448","0.010510340824767"
"ABC","2017","4","0.29998923249893","3.5466492733619","3.2088261826698","1.9934298679772","0.013667369251249","-7.3863672967253","-0.23882270379563","-0.0028651886616688","0.23076285941405","-30.32890682845","0.5234858455021","0.0071546743482796","0.0093009996147997"
"ABC","2018","1","0.32179602973893","4.0251783786237","3.7185936067993","1.9793228324428","0.011283846574985","5.5731498808638","0.087744184547611","-0.0049324337801025","0.24345362105717","-35.261134580699","0.32677302952806","0.0036872567300377","0.004873801306392"
"ABC","2018","2","0.19996411580789","5.9950729980539","5.4710896313401","1.9480490901699","0.026618722756424","-4.0602369720204","-0.13577141322167","-0.0089009154604456","0.16664174634361","-9.157082191303","0.19635082051179","0.0052266080541998","0.0062717421124323"
"ABC","2018","3","0.27127261769168","4.6237067831004","3.8366570450771","1.9266042203174","0.056877401581158","-7.4568491252793","-0.32243584369011","-0.010501185895051","0.21338665988437","-82.64493323504","0.15471226921492","0.008799631865669","0.011186731036592"
"ABC","2018","4","0.47765475067055","3.0191383397631","2.512795863246","1.9655036102362","0.027997031385163","-5.7215689958803","-0.24787437825594","-0.0065488058026917","0.3232519304349","-41.351325947059","0.48778138222725","0.013656430667315","0.02017948965276"
"ABC","2019","1","0.28634719026555","4.4332603819678","3.7864875811252","1.9584954049193","0.020273444531762","11.64324552724","0.52697785600101","-0.0061677629268624","0.22260490202994","-16.241147118597","0.47581424228158","0.0096463936483179","0.012408611365709"
"ABC","2019","2","0.37971136526881","3.5627769846416","3.1259602510086","1.9607549885606","0.023366107896924","-10.599356682612","-0.37049800297766","-0.012260684447274","0.27521072510324","-23.890217140621","0.39852936893726","0.0093120802346808","0.012847982934084"
"ABC","2019","3","0.28515905861869","4.2770055892067","3.5657614890301","1.9739547201986","0.010670043596157","1.3801095688484","0.064461309007077","-0.0039360762257689","0.22188619899328","-35.915178582829","0.92867476016191","0.0099090001775778","0.012734641340068"
"ABC","2019","4","0.51150577234492","2.7819282360481","2.2333498475049","1.9817051359256","0.0059474502573899","-14.922781569738","-0.29859596751393","-0.0071862901527951","0.33840808398064","-10.14274915266","1.1112148107638","0.0066088948122926","0.0099893826576006"
"ABC","2020","1","0.30318940542501","4.0253942387604","3.4948172714137","1.9759782306723","0.0082218514462705","6.9323444844669","0.34841367252232","-0.0047235297103824","0.23265183415616","-15.33730364024","1.365947600157","0.01123061825188","0.014635622722223"
"ABC","2020","2","0.26082690200589","4.552175770235","4.0156827316899","1.9745928058733","0.012512905665852","1.7405008100421","0.13703491104414","-0.005135055813249","0.20686971509803","-39.668195080167","1.243237702477","0.015556516091324","0.019614073989429"
"ABC","2020","3","0.39896804647448","3.0513063405289","2.9443501865416","1.984140743995","0.011910800591801","-9.3286630639483","-0.48474043451173","-0.0031638473298817","0.28518739043391","-7.4043129252846","1.2066137911352","0.014371736257527","0.02010559979664"
"ABC","2020","4","0.53570214642035","2.4921148500165","2.4178873351353","1.9681466169703","0.0082654242267615","-27.866022264701","-0.34706662493312","-0.0059262243736148","0.34883206204344","-3.7198512395319","0.51373108813291","0.0042462053818943","0.0065209067191167"
"ABC","2021","1","1.2091031894832","1.5139652974169","1.4684774425928","1.9648386617748","0.019998499833431","2.1772888872763","0.037209406741215","-0.0013473029511815","0.54732761929788","-5.6225229868918","0.46046247564183","0.0092085587424241","0.020342656488432"
"ABC","2021","2","1.1775533775617","1.48548946932","1.4415324332584","1.9586788493674","0.0057534129306754","4.0215321266456","0.023696655483881","-0.003318100603455","0.54076900694864","-0.91075272824901","0.54501936868817","0.0031357214832791","0.0068282009070071"
"ABC","2021","3","1.2272068628185","1.4187553471444","1.3784771071694","1.9628791651254","0.0073499747410175","3.7128277417127","0.019201062893768","-0.002966572311676","0.55100713063783","-1.6630804542555","0.38173399196767","0.0028057351987501","0.0062489526899077"
"ABC","2021","4","-5.2012338680192","0.586142262055","0.57175576571674","1.9590407069401","-0.48222389023871","0.04256790439127","-0.021715900707109","-0.0023314416044804","1.2380253114715","86.268442403174","1.3015881687548","-0.62765691022563","2.6369334687362"
"ABC","2022","1","-4.9323406010799","0.5722362396941","0.56001904864442","1.9292324494226","0.014035084122896","22.895300711352","0.10382151625979","-0.0011412043944068","1.254301471171","-3.7305936337185","0.4026238449776","0.0056508595341445","-0.022221104377116"
"ABC","2022","2","-5.5461321565226","0.60658147750287","0.60402071027426","1.8922024224717","0.0386218665632","-2.4553803288337","-0.037969984546504","-0.0013908329026702","1.2199672085127","-12.484518049304","0.48544121286823","0.018748645747675","-0.085233821324755"
"ABC","2022","3","-4.8135049922048","0.60648153982009","0.60302466621101","1.9344688639215","0.015570337320722","15.042574858719","0.086361105593557","-0.00040543708151139","1.2622259580213","-6.1697306675625","0.46183955615741","0.0071909976774235","-0.027422905541787"
"ABC","2022","4","0.36634424138837","2.9552049508506","2.9472829267068","1.9728397841736","3.2625053617161","0.1386657980996","0.53496737283991","-0.0013288657103431","0.26812001711671","-1506.2920800295","0.30543071914057","0.9964693588289","1.3615201701558"
"ABC","2023","1","0.41283050151242","2.7398478124941","2.7347447961009","1.980375380734","0.014805518601635","-40.382247687527","-0.67935424473563","-0.0015408630271067","0.29220101142387","-3.6893005797603","0.32129526800315","0.0047569430670381","0.0067207542590695"
"ABC","2023","2","0.42037956047044","2.7496319735009","2.7442359291296","1.9992896330562","-0.0012750433375175","29.73168372023","-0.041725134564944","-0.0014972124612583","0.29596283428016","1.7051438655026","0.31473300431608","-0.00040129822025008","-0.00056999578969637"
"ABC","2023","3","0.40854569861918","2.8185025229305","2.8128866365559","2.0037684594663","-0.0099994361509203","-4.3379309588702","0.05333108883446","-0.0018038868851617","0.29004788344438","3.815506325319","0.34414429557773","-0.003441248910333","-0.0048471563505275"
"ABC","2023","4","0.2872340820159","3.8456271626187","3.8376701213043","2.0138721957872","0.057908133201101","-3.4991426791556","-0.53661958511796","-6.3462835505969E-5","0.22314051968394","10.393028662564","0.58635543284191","0.033954748508199","0.043707709526032"
"ABC","2024","1","0.34838649873071","3.3482691277771","3.3408490290281","2.0192468879882","0.0013677141944905","-113.3617271521","-0.19795945442884","-0.0060260120323516","0.2583728768114","-1.1966119470598","0.32797148660504","0.00044857125761787","0.0006048474274906"
"ABC","2024","2","0.2967545185882","3.8492925230751","3.8415618171315","1.9955832707146","0.004561062192788","53.084954245349","0.23716767974702","-0.0091992835330686","0.22884402123486","-1.0026960312951","0.22263854769041","0.0010154682625279","0.001316813057916"
"ABC","2024","3","0.43386269358176","2.9565205644557","2.9518626934784","1.984425466165","0.028061376187473","1.1676694017853","0.048743717572004","-4.8600044208385E-5","0.30258315215523","-30.178858125646","0.44805264099856","0.012572973710851","0.018027917951374"
"ABC","2024","4","0.80077498462069","2.0490512298941","2.0455138756634","2.0006867662801","0.0099219736345486","-2.2933546738369","-0.026682434190353","-2.0982835459334E-5","0.44468353428919","-1.9266452116111","0.51979150415367","0.0051573575996751","0.0092872405522384"
"VLA","2013","1","0.056040416464366","16.047200410996","16.047200410996","1.8486460632399","0.71543029915652","-0.26287836646579","-0.13724138163063","0","0.05306654517257","3.0589827838065","0.038724312800037","0.027704546691161","0.02925712102569"
"VLA","2013","2","0.059263987677985","15.30855810557","15.30855810557","2.1867806012396","0.67236257137342","3.0383593468686","1.503425309195","0","0.055948270088835","-3.7553188404078","0.041174264852373","0.027684034590552","0.029324700875403"
"VLA","2013","3","0.13045620235423","7.5537691526108","7.5537691526108","1.5676781148868","0.19736674010071","0.12817062180032","0.042251062921362","0","0.11540137696848","-87.544627292484","0.19274635359495","0.038041719475336","0.043004497729113"
"VLA","2013","4","0.16568753188802","6.7569923457257","6.7569923457257","1.4930365517525","0.24436648465613","-0.53573947334385","-0.15533146798004","0","0.14213717429032","19.341150730305","0.15353205052188","0.037518087468079","0.043734366781823"
"VLA","2014","1","0.054810031879101","21.608002201368","21.608002201368","1.6735768622674","0.8770967652876","-2.1267454432546","-2.4142081881843","0","0.051961993366198","-1353.7513815102","0.051975407340548","0.0455874616529","0.048086111879383"
"VLA","2014","2","0.097617807999347","12.039041697198","12.039041697198","1.6094113097797","0.063502225968554","3.8785584119171","0.42882154083341","0","0.088936064345819","-1.8554876063374","0.12460843799396","0.0079129131870812","0.0086853544272932"
"VLA","2014","3","0.11039206693858","10.874117977893","10.874117977893","1.5482905536912","0.25125987544043","0.12804670330773","0.055161965921986","0","0.099417197065302","13.264372068929","0.1369300444315","0.034405025907912","0.038203067830962"
"VLA","2014","4","0.096378517467369","11.077764789929","11.077764789929","1.5234600641675","0.24193025113701","-0.10382528995944","-0.04397990480108","0","0.087906243995006","-20.252949107782","0.13742224807014","0.033246598987421","0.036450856908661"
"VLA","2015","1","0.13010366756931","8.4677307847472","8.4677307847472","1.7825270942013","0.38711802533868","-1.1576676662388","-0.47964137375779","0","0.11512542725319","-231.3114802547","0.10993536141757","0.042557960026863","0.048094906710626"
"VLA","2015","2","0.058583740751174","21.727727765425","21.727727765425","1.6313005685199","0.082897621397056","8.8030334501518","2.3456971750593","0","0.055341621542007","-1.1278378802517","0.12759812814999","0.010577581318351","0.01119725560008"
"VLA","2015","3","0.066617753084585","17.922985059821","17.922985059821","1.6703555872268","0.048264064593787","-8.0359289817858","-0.81055112932262","0","0.062457007575517","-0.28899020897388","0.10077393876673","0.0048637598900078","0.0051877726454231"
"VLA","2015","4","0.073996689377164","13.99596718553","13.956317818652","1.553291499856","0.25280650264717","2.7438087296517","2.2480930765135","0","0.068898433402134","-14.93626060805","0.20147000904983","0.050932928376182","0.054701796456304"
"VLA","2016","1","0.05126553913919","20.701532124088","20.64244125359","1.8620737226689","0.15398051584049","-4.8367964564013","-1.6115098419729","0","0.048765547076876","-1.2271273544492","0.090848914669907","0.013988962744421","0.014706114461512"
"VLA","2016","2","0.053997604258056","19.551845732398","19.279773658967","1.548438479545","0.23383435635242","7.1204811575267","5.0917437673335","0","0.051231240033099","15.912423600832","0.13668888718767","0.031962557956058","0.033688459511644"
"VLA","2016","3","0.069271240904628","14.875479557721","14.454972905524","1.5704348847667","0.1772546918419","-1.7036610873499","-0.76061496322262","0","0.064783600507223","-1354.8952063968","0.14612117102148","0.02590066314099","0.027694834217019"
"VLA","2016","4","0.10638631285752","11.114513284599","11.014554461947","1.5785520427749","0.10583912669183","4.9107001687014","1.3340696493374","0","0.096156569926057","-44.321117190295","0.22997652431124","0.024340514492724","0.02693001208266"
"VLA","2017","1","0.031628035020751","41.717168822445","41.6554909349","1.8000625163725","0.24981965689993","-4.8840587607962","-4.2162944749494","0","0.030658370989418","inf","0.082148774899611","0.02052237876017","0.021171461274306"
"VLA","2017","2","0.033010437214571","31.161041371468","31.117937546788","1.5866641800782","0.22562934647158","0.4471483902702","0.43795480319172","0","0.031955569881347","-41.713381839931","0.13871665368478","0.031298547915621","0.032331726666496"
"VLA","2017","3","0.039551792073271","26.236654271804","25.325731180124","1.5164111063134","0.1923710639261","6.0125098022992","3.7905623930559","0","0.038046966370372","-854.02647462542","0.12468899938255","0.023986555471102","0.024935266725649"
"VLA","2017","4","0.10629706112052","11.014214508583","10.249017868142","1.5954823896127","0.19040371863273","5.8929072716957","2.1177135129035","0","0.096083651359299","-2.3808111604652","0.17067180853548","0.032496547010928","0.035950834454755"
"VLA","2018","1","0.023838716813173","42.608854792745","38.33153844406","2.1527628945413","-0.44356345656563","3.4047307757112","-6.7712024483666","0","0.023283664137428","-inf","0.10439473332474","-0.046305688760769","-0.047409556961976"
"VLA","2018","2","0.028940920793512","35.407831820547","31.174424151939","1.3354129051004","0.50009006257358","0.28993957439978","0.96011484132853","0","0.028126902340703","-462.13393516699","0.18624703454208","0.093140291158293","0.09583585694739"
"VLA","2018","3","0.019444007226592","52.088602184517","45.332475673263","1.7899071473877","-0.41516802279868","1.6000341927759","-3.6020295334244","0","0.019073148783806","-inf","0.10342285122735","-0.042937860656261","-0.043772744729156"
"VLA","2018","4","0.085512782412098","12.620052999225","12.031242872523","1.7258306449832","0.14479670658507","1.9182254475144","1.2038600493324","0","0.078776393790667","-220.92096688889","0.34143950355099","0.049439315612224","0.053667009050775"
"VLA","2019","1","0.011625065481008","86.446303956032","81.842347940229","2.4219321419982","-0.90693644104695","1.3668516950325","-6.3861448659036","0","0.011491476316357","1491.6593636856","0.059199269038107","-0.053689974374001","-0.054314123841773"
"VLA","2019","2","0.026399423408751","36.331680629909","35.158044742176","1.8107215301725","-0.19287030802963","3.3993311837852","-3.2998714460735","0","0.025720419172759","50.782579333333","0.12945421962297","-0.024967875214419","-0.025627012723821"
"VLA","2019","3","0.017949125317461","48.779103920966","47.199708072086","1.365606096246","0.53018843997184","1.0722682460177","5.0281207808155","0","0.017632634943189","-1278.6361068882","0.15595137858282","0.082683618122282","0.08416771674566"
"VLA","2019","4","0.06428059583553","12.904256778062","12.485936678891","1.5742058956556","0.22427134825713","0.78203086836524","0.73203214833706","0","0.060398165753521","-382.5548206975","0.25209034580888","0.056536641737163","0.060170850754567"
"VLA","2020","1","0.060628192505327","13.106487105327","12.597565071549","2.4638430833934","-1.8386024455314","1.7403732184596","-4.2599712435131","0","0.057162531539084","31273.643909272","0.076100567679558","-0.13991868984196","-0.1484017071048"
"VLA","2020","2","0.037262252854477","20.122953556145","19.222230697787","1.38823277965","0.16157109436015","5.5902017492772","3.5583602290899","0","0.035923656483145","-34.977689641438","0.14152699909299","0.022866672124962","0.023718735843623"
"VLA","2020","3","0.023748638692391","29.074861421502","27.67006057308","1.3442289471784","0.053440614794547","5.7401968265899","1.4017294886664","0","0.023197724319052","inf","0.10600134182503","0.0056647768761767","0.0057993076154821"
"VLA","2020","4","0.015495765074786","44.427418856392","42.526512129717","1.149980621129","0.59153097740832","0.52609999217882","3.9644043658618","-0.050930856332753","0.015259310385843","-8317.5007636364","0.19438693166009","0.1149858916803","0.11676768604469"
"VLA","2021","1","0.026362799669736","23.249801864326","21.895669390524","4.5889766995789","-10.758177961303","0.60098014447455","-4.7667466988672","-2.7516668793466","0.025685653921029","-inf","0.018937116605503","-0.20372887051595","-0.2090997339163"
"VLA","2021","2","0.021775618891812","26.784638791627","25.104545682164","1.4130709047084","-0.22585688531668","2.8950023800011","-3.3366230020114","-0.19431122529215","0.021311546771324","-inf","0.10875265070943","-0.024562534959165","-0.025097399359452"
"VLA","2021","3","0.038063990060395","15.300463327032","14.297159570374","1.4690097923074","-1.543512459223","0.33731274247988","-0.38868895278895","0","0.036668250151111","-inf","0.027374708028209","-0.042253202909133","-0.043861528404686"
"VLA","2021","4","0.2184744839633","3.6871705682052","3.6871705682052","1.1418008072107","0.73910484898977","0.98863108106362","2.0104799862007","0.066959142790144","0.1793016487737","-3676.6915290233","0.49333704244229","0.36462780025536","0.44428967075483"
"VLA","2022","1","0.49949558509875","2.3416072587259","2.3416072587259","1.7642368123694","0.34778508431776","0.94862791530601","0.39606749826313","-0.00060793265263608","0.33310907351945","-22.589926096756","0.39989761594917","0.13907842608135","0.20854748589147"
"VLA","2022","2","0.89288795060382","1.7646730568134","1.7238761003273","-1.1917930773202","-1.1703869880382","-1.1781284829518","0.21583338366957","-1.5766927082225","0.47170671159854","0.062491441107229","0.073836063438934","-0.08641676789689","-0.16357725868215"
"VLA","2022","3","0.63565760095334","2.1006017697935","2.0564207525783","1.3919835517081","0.16812575220128","1.5706514727039","0.12696656313321","-0.35827112263383","0.38862510135547","3.304229737357","0.18685561196824","0.031415240315191","0.051384576607318"
"VLA","2022","4","0.10530043312327","2.9257721495531","2.9121579749864","1.527095252297","0.099612783444331","17.174838868317","4.8621813736282","-0.11902146999674","0.095268607491378","-3.7210740362344","0.27075296778707","0.026970456747083","0.029810457524084"
"VLA","2023","1","0.065226564589486","4.1298808617781","3.0051372824557","1.3488090208615","0.030705341451642","-39.019180903132","-2.4684452868924","-0.32083701262614","0.061232574137525","-811.44715357171","0.12615775235142","0.003873716862722","0.0041263861058697"
"VLA","2023","2","0.072404892425453","3.8513027528394","3.6247127145819","1.3019902277545","0.0093222570070798","45.119829224765","1.3913990898802","-0.63861455140947","0.067516376451524","44.268200193157","0.22334298789053","0.0020820607338446","0.0022328121173019"
"VLA","2023","3","0.060539858476868","4.4737073676686","4.2474990405208","0.75760360549695","0.10054290574931","-29.167104955621","-2.0227843063196","-0.45551982709985","0.057084001127326","51148.766523925","0.039374878320314","0.00395886467985","0.0041985337872972"
"VLA","2023","4","0.04162273450704","14.622517550727","14.601977113296","1.166390626829","-0.10434024335338","-0.91397260207552","0.057807379423629","-0.60670560750289","0.039959510414045","-inf","0.024222469520054","-0.0025273783643421","-0.002632574763"
"VLA","2024","1","0.033786519508808","17.336469609723","16.010308752508","1.9258703342519","-1.5734465481543","2.1750418497779","-2.3839047751711","-0.96628663066637","0.032682298396444","-inf","0.022765745831391","-0.035820684194561","-0.037030940439919"
"VLA","2024","2","0.029521114720015","34.139799540986","34.081777288944","2.0327439557606","-3.8733219038095","0.86320507450701","-4.2224774150303","-3.2340068338203","0.028674608318299","107.81346277909","0.036213229177192","-0.14026549377969","-0.14440628751282"
"VLA","2024","3","0.25975525822483","4.7688902254671","4.762385023697","1.2039938233718","0.20089754578041","-15.019344059141","-0.78049392685828","-0.53730410272181","0.20619501806316","-1.1309996710962","0.053336203438073","0.010715112371954","0.013498419153038"
"VLA","2024","4","0.13684601565787","7.6033483630826","7.5966793501254","1.1887952259142","0.69283439728384","1.7985182821817","2.0470271116748","-0.34758536168861","0.12037339602116","-5.5944026324911","0.1977469573785","0.13700589403004","0.1557546047497"
"SRA","2008","2","1.1692764386514","0.46529650410116","0.46529650410116","1.2758717369344","0.010224099914683","0","0","0","0.53901679740656","inf","0.037010918660546","0.00037840333031964","0.00082086142876961"
"SRA","2013","1","0.47618261772269","1.8490651174705","1.8490651174705","1.3412725730234","-2.1731030247116","-0.55830226844456","0.012794478530046","0","0.32257703891494","1137.2103918129","0.0034017808510527","-0.0073924202568287","-0.010912562286032"
"SRA","2013","2","0.74211507599494","1.4245412409788","1.4245412409788","1.2902551743961","-2.3502926492191","-0.83709096956156","0.15997283277963","0","0.42598510639207","-8487.1794736842","0.034637461130174","-0.081408170281859","-0.14182240075719"
"SRA","2013","3","0.98275867543029","1.3231621055388","1.3231621055388","1.8922056389513","0.0098107582387118","-33.181036088262","-0.1209041428807","0","0.49565218783724","inf","0.18408809072846","0.0018060437527629","0.0035809489189974"
"SRA","2013","4","0.72023124585226","1.4173879462588","1.4173879462588","1","-197.84514170616","-1.8748771673831","0.070950007443022","0","0.41868280650572","-inf","8.0082820711922E-5","-0.015843997011979","-0.027255338719197"
"SRA","2014","1","1.2038716301983","1.9308439618702","1.9308439618702","1.8998211096779","0.001699161468121","-25.090615179374","-0.023022158356388","0","0.54625306379118","inf","0.18123551704494","0.00030794840721776","0.00067867875823196"
"SRA","2014","2","0.90564182439015","2.5197977340384","2.5197977340384","","-inf","0","0","","0.47524241586163","-inf","0","-0.01363507696859","-0.025983572950123"
"SRA","2014","3","0.87684918290126","2.5979914955797","2.5979914955797","","-inf","0","0","","0.4671921382334","130.33197483438","0","-0.010001586709599","-0.018771469843627"
"SRA","2014","4","1.0129851316639","1.846989694785","1.846989694785","1","-159.73768455882","0","0","0","0.50322534216962","543108.1275","5.3944738810126E-5","-0.00861700767166","-0.017345908322486"
"SRA","2015","1","1.0272315000586","2.4702569357872","2.4702569357872","","-inf","0.34706100863525","-0.014665930596816","","0.50671642583933","-inf","0","-0.010887011431451","-0.022070492515335"
"SRA","2015","2","0.86569316659686","2.1775883826145","2.1775883826145","1.7999999882979","-0.60885579579179","-2.9193304682277","0.0061212037324339","0","0.46400618391927","-inf","0.00071121989627988","-0.00043303035593244","-0.00080790177599216"
"SRA","2015","3","0.88397463774568","2.1239409758379","2.1239409758379","","-inf","-0.07351522044257","0.0010992218826924","","0.46920729187916","-inf","0","-0.0031289424255267","-0.0058948481726587"
"SRA","2015","4","0.88708060837295","2.115059814975","2.115059814975","","-inf","1","-0.0088811608629459","","0.47008093053205","1685.4919786096","0","-0.0018619460268642","-0.0035136422411325"
"SRA","2016","1","0.89375972302596","2.1048954559079","2.1048954559079","","inf","22.465638706213","0.006737237309437","","0.47194990587183","978.26409982175","0","6.3717588170982E-5","0.00012066580212656"
"SRA","2016","2","1.1610740228009","2.1092355867735","2.1092355867735","2.699306917113","-26.180749044412","0.020199754974307","-0.010093135963464","0","0.53726712299103","0.27030897963154","0.0047657412309182","-0.12477067517727","-0.26963866493293"
"SRA","2016","3","1.0992449925399","1.7152316808025","1.7152316808025","1.5442811951434","0.2492069830125","1.609887160154","0.49752038109641","0","0.52363825872935","-50353.136357846","0.64936159898686","0.16182544496769","0.33971125501395"
"SRA","2016","4","0.38094992886536","2.3749453082404","2.3634305230981","1.1380555129182","0.45517891933784","0.89212441271667","0.65160806962048","-0.012952252084085","0.27586078314828","inf","0.44265854743505","0.20148883925715","0.27824599823932"
"SRA","2017","1","0.14688571801116","4.6884922073846","4.6884922073846","1.4985656631927","0.14513155315466","14.011613829011","2.3534074293098","-0.0069208187827437","0.12807354360108","inf","0.14821990950754","0.021511385675272","0.024671101005599"
"SRA","2017","2","0.3372017787892","2.7125779745674","2.7098392515664","1.6731702614596","0.11717000483837","-12.693658694048","-1.1404878730272","-0.016779112806852","0.25216970552831","inf","0.19336609121122","0.022656705842795","0.030296587354489"
"SRA","2017","3","0.26055142878302","3.2952918764478","2.9503174962856","1.4599485463832","0.18555587401135","1.5751179285806","0.14604636703234","-0.015340870332776","0.20669638924178","inf","0.10328467001827","0.019165077217213","0.024158565468895"
"SRA","2017","4","1.88267496831","1.4002085202329","0.6047821711265","1.6289621700895","0.33183665607312","-1.0484337302688","-0.20475591673332","-0.00080447763643596","0.65309998144319","inf","0.38437115492338","0.12754843874074","0.36768069160494"
"SRA","2018","1","1.6157381135014","1.4683141162402","0.54151043728126","1.5046924865682","0.0072571314139224","204.99971635106","0.044715100978838","-0.0085137529381751","0.61769873106241","inf","0.018565757665332","0.00013473414317635","0.00035242923349633"
"SRA","2018","2","0.41211867587081","3.1461924395819","0.40346748473119","1.4266214836113","0.54803338317556","0.33120176903581","0.40873474936183","-0.00014958972748254","0.29184422167398","inf","0.65719310555822","0.36016376103872","0.50859397333465"
"SRA","2018","3","0.028625252333964","32.63224312104","20.611788335869","1.7576799655926","0.23146955187276","1.67497896216","20.380252690816","-0.00087239706474537","0.027828650199879","-214.17288266461","1.4628455630434","0.33860420693671","0.34829683780162"
"SRA","2018","4","0.34701751899087","3.2221212478842","3.0606516939241","1.7823974477529","0.21068918145497","-1.1621121672728","-1.100902273323","-6.2153785006104E-5","0.25761915795337","inf","1.158341565735","0.24405003632998","0.32873967444684"
"SRA","2019","1","0.023439726398173","38.756901350568","37.637009648904","1.707402995953","0.28064390461647","-4.4471888123427","-15.77964567907","-1.1647847643973E-5","0.022902888947516","inf","0.2895651765413","0.081264701785508","0.083169524161189"
"SRA","2019","2","0.076472599846909","13.317049079988","12.591932398295","1.7525514996526","0.21027162781931","0.4257582042861","0.24168156103973","1.6856879065572E-5","0.071039987323212","-23.148086251057","0.18184568880805","0.038236988997593","0.041161070956556"
"SRA","2019","3","0.038852170478282","10.952877073336","9.6173095550672","1.7314779111425","0.18988665232549","45.672084648466","15.998503552289","0","0.037399132987704","-4.9739163328628","0.068991505710564","0.013100566058274","0.013609551484132"
"SRA","2019","4","0.033091321771234","9.6176627443298","8.2629552478423","1.743208692922","0.24240225481644","0","0","-0.00014784917164401","0.032031361675267","80.96815677546","0.28780330857394","0.069764170941956","0.0720727595707"
"SRA","2020","1","0.21398103491163","2.1874936944523","2.1862033693681","1.8585213247795","0.41396246494662","-0.47765255102003","-0.21326693119024","0","0.17626390261295","-128.69394689825","0.18797539463479","0.077814757712333","0.094465640099015"
"SRA","2020","2","0.23278548479781","1.6492445920393","1.6467343812353","1.7429570203475","-0.26245005509472","1.2040518417151","-0.25438646510226","-0.034570785146071","0.18882886574219","1.7303889367885","0.15069342661769","-0.039549498118226","-0.048756047211187"
"SRA","2020","3","0.22850161183279","1.2589098128177","1.2575566816776","1.5870040965438","0.26627187954973","0.64053338263881","0.039109430505488","-0.0069776719903122","0.18600025399388","-2.9540939637673","0.04231377854658","0.011266969344449","0.013841490000126"
"SRA","2020","4","0.26020408340955","1.3725028620265","1.3638083598515","1.5928439342981","0.19461015174824","-28.764754569652","-1.0824215377028","-0.020319991953924","0.20647773391239","-1.213203175584","0.039652157522789","0.0077167123926552","0.0097246324677212"
"SRA","2021","1","0.19623780132617","3.6227406746691","3.6121970093328","1.7462734532635","0.081835110964371","-97.434177955222","-1.4084683341084","-0.012934568059024","0.16404581188508","-0.75165040972616","0.028977521293497","0.0023713786705258","0.0028367328069415"
"SRA","2021","2","0.17710727425855","4.0833610944219","4.0714625379993","1.4187901691635","0.51061464377995","-0.60625881062375","-0.077310583976987","-0.012483586312755","0.15045975683916","-585.66553302644","0.037575777933951","0.019186742464499","0.022584854124287"
"SRA","2021","3","0.014642675237303","40.823539459674","38.301860093608","1.2823478825526","0.66106539550051","-0.60238943448893","-1.0885595353218","-0.016211823105762","0.01443136149766","-439.09362051478","0.039449156546846","0.026078472274802","0.026460330875007"
"SRA","2021","4","0.013184965394128","45.468924260755","41.915926899343","1.4282414899158","0.54661820120107","0","0","-0.0062811690878958","0.013013384371529","-1450.8531133024","0.096466761812995","0.052730487817911","0.053425737475006"
"SRA","2022","1","0.044655563296944","13.907874501783","11.988696325731","1.4536742869234","0.47777063317204","0.26766731064175","0.15399239910935","-0.0083574395428123","0.04274668595648","inf","0.051473885071557","0.024592710662463","0.025690912010094"
"SRA","2022","2","0.040775933682518","14.568617949858","12.832026175802","1.5266483941038","0.40771521458013","-1.3756580345902","-0.76205506880448","-0.010945610919609","0.039178397926865","-1328.2302304915","0.053231122196632","0.021703138408741","0.022588104141198"
"SRA","2022","3","0.043975692259566","13.708467263359","11.781008107693","1.5910208188399","0.18380737482355","26.527207274487","1.039158480732","-0.049943998004179","0.042123291361684","-122.14867549257","0.0089773802574133","0.0016501086979079","0.001722673370202"
"SRA","2022","4","0.033540674959123","17.590399930575","16.355341728296","1.8549075073072","0.05079518615602","0","0","-0.013368251402518","0.03245220606383","-895.6253445216","0.052037901701785","0.0026432749041108","0.0027319321284972"
"SRA","2023","1","0.031382254645723","20.974477621664","19.31052020616","1.8951172027857","0.10440366114101","123.79823843226","7.1811873566078","-0.049188441557841","0.030427375014808","4.1831249491023","0.01509832248274","0.0015763201442856","0.0016257886244568"
"SRA","2023","2","0.029710212832254","22.248047413092","20.32050328089","1.5242276001422","0.16301240299398","-2.1091769954335","-0.12877544931289","-0.0011714765200663","0.028852984521281","-3.1518377340946","0.0095936057348996","0.0015638767242228","0.0016103398345428"
"SRA","2023","3","0.026383461331272","27.318553618362","25.952715720242","1.8216852767797","0.11168962145252","0","0","-0.011269986362843","0.025705267402741","-9.0900447997314","0.029097964569128","0.0032499406477647","0.003335685331174"
"SRA","2023","4","0.036397961123706","19.280115949821","16.919117119513","1.4894503476561","0.28827285129838","-27.699965898865","-2.1508129187309","-0.05388592924667","0.035119676503649","7.2539092747024","0.0085965916971718","0.0024781639999917","0.0025683641169215"
"SRA","2024","1","0.054516534373008","13.040533620095","11.569661157608","1.871233132044","0.054169789140146","-36.629148144918","-1.1655559029302","-0.0077064375475414","0.051698131414717","-3.8040243935048","0.028511377438437","0.0015444553039353","0.0016286536545998"
"SRA","2024","2","0.13375039944728","5.1378548875005","4.6809333904311","1.5597616990308","0.39519657380804","0","0","-0.0026632492793837","0.11797164482807","-49.052522103122","0.057823831019966","0.022851779903546","0.025908214593726"
"SRA","2024","3","0.093879055902914","1.8530500764962","1.2479522184553","12.507166295464","23.433289191962","23.938424404113","4.8883827280139","-0.36580454267905","0.085822153186235","-21.120083029969","0.0007478866701963","0.017525444625523","0.019170716821246"
"SRA","2024","4","0.10861965029474","1.2913161675319","1.0424329981811","1.6392909138797","0.40845207112571","8.8131557531346","4.8649492793271","-0.0046496934146299","0.097977381391233","4.1216992059222","0.13241329624828","0.054084485097191","0.05995912295482"
"GLT","2013","1","0.4010512124078","3.5234597286163","3.1233960032429","1.5999184267964","0.73735305542902","0","0","-0.098608679222918","0.27826581672313","-204.9071111577","0.15568830907533","0.11479725039127","0.16545178632671"
"GLT","2013","2","0.22849734383373","5.051064001032","4.2930031576051","1.6878302981448","0.056437963013835","15.212605956948","0.73494982241157","-0.12483916634581","0.18011041612027","-42.412242835815","0.14106739313755","0.0079615563163551","0.010100440109222"
"GLT","2013","3","0.44927606588169","3.3009131090998","2.8823909282418","1.6537060553853","0.18130858675401","-2.3706983971262","-0.61565084443515","-0.064093564220268","0.2958115816763","-50.631962033717","0.3612360200486","0.065495192279654","0.09947353026146"
"GLT","2013","4","0.36173954788301","3.5530422449324","3.1011174801947","1.7142139882461","0.045354997673574","0","0","-0.11343823066442","0.2520441449288","-9.0805131230229","0.2001115029835","0.0090760567522722","0.013026165186479"
"GLT","2014","1","0.509770531347","3.607172096682","3.2221920287614","1.6372137123571","0.080976110215838","4.7707999956361","0.3689829488837","-0.084061215463199","0.32358645728647","-1.6150952267634","0.23103362196328","0.018708204035663","0.029472466776832"
"GLT","2014","2","0.37164099153881","4.1296467099588","3.6071760180621","1.6451294716533","0.087712318552555","-1.4609297279282","-0.1041496155298","-0.15408490031087","0.2581100760337","-25.194905478385","0.17199057187008","0.015085691827905","0.021721203430429"
"GLT","2014","3","0.41117866034662","3.7306129034789","3.2305824542279","1.6019080496722","0.14093522912891","2.5048206949415","0.28408365812188","-0.16828132207133","0.28524542007105","-35.234742174578","0.18805963397461","0.02650422760411","0.038205601327676"
"GLT","2014","4","0.40923822887231","3.1500721384852","2.5633214846222","1.5533421632676","0.16390747178898","1.4051940419239","0.2020650005698","-0.14868360079346","0.28271776327542","-60.594249069657","0.23460273998859","0.038453141986297","0.055661503326614"
"GLT","2015","1","0.58628938881449","2.7901509268731","2.5251936152864","1.6384025207548","0.10016289853153","-0.6020089962707","-0.057997510104561","-0.10465502491443","0.35863840627943","-37.669223048077","0.29643343776793","0.029691632348503","0.048538830972121"
"GLT","2015","2","0.60242989464825","2.2143936019504","1.6752548162465","1.5364060775218","0.18498318151387","0","0","-0.13554771909403","0.37594773828186","-19.527513434351","0.15017791331174","0.027780388197519","0.044516124532638"
"GLT","2015","3","0.62219723129408","2.2344175332472","1.9227771604857","1.6931844438108","0.11502588916203","0","0","-0.07659797702302","0.38355214723042","-18.714510530836","0.35956709556223","0.041359524880455","0.067093306748713"
"GLT","2015","4","0.68673415729641","2.1565749545885","1.9389906149925","1.6959993156908","0.13133387805393","1.4045556599681","0.16941644160994","-0.071212824525564","0.40713834739503","-52.671081819104","0.36784267335331","0.048310204805214","0.08148647259094"
"GLT","2016","1","1.069668586381","1.7409694699998","1.5361973419703","1.6082685135873","0.034886917203374","31.345046038724","0.25995608971473","-0.21831552990034","0.5168308556354","-3.2202236454109","0.12137613350397","0.0042344391200187","0.0087638856276456"
"GLT","2016","2","0.71180118083691","2.1998899357555","1.4881226727031","1.6060012059463","0.15671484650212","-2.0504194881801","-0.14437091150456","-0.10809921524497","0.41582000807413","-23.536160176381","0.18364793865171","0.028780358516235","0.049266251693"
"GLT","2016","3","0.83382237643792","2.0359364958907","1.2620723571018","1.5934612386307","0.17527758894314","-0.0078068357217485","-0.00044423596929767","-0.13124704912015","0.45469091617126","-23.121192533589","0.14560760538802","0.025521750004196","0.04680235624355"
"GLT","2016","4","0.87319202095394","1.9712975885008","1.3149839054453","1.6226761876224","0.19104801069038","1.1361997255747","0.1715716241432","-0.065567432045892","0.46615190070544","-55.088287485955","0.36367237740891","0.069478884247013","0.13014729159629"
"GLT","2017","1","0.8181573696154","2.0310881354468","1.7493577353064","1.7963535419179","0.095271222891179","-0.59442751478517","-0.060778525487815","-0.065368670977474","0.44999260420921","35.016262212087","0.47689162817958","0.045434048603234","0.082606250299434"
"GLT","2017","2","0.47740749319214","2.8059464630243","2.4404594920448","1.5867344405337","0.21069669281311","4.3868935298225","0.77119545975475","-0.09618542419921","0.32313867053743","-4378.2376070678","0.26444554164041","0.055717801052808","0.082317896779607"
"GLT","2017","3","0.6446193280623","2.2199233012596","1.8985175689501","1.6321981725824","0.15356114353556","1.179581134824","0.11845006940241","-0.11094058257434","0.39195655618483","-9848.3631070031","0.25262356827561","0.038793164028437","0.063799987357858"
"GLT","2017","4","0.67279430131008","2.1225772957086","1.7682402113779","1.6432887070731","0.15543664712516","-0.692841343103","-0.089995445069557","-0.08810182094332","0.40219786783298","-37323.176072668","0.3313153109922","0.051498541081859","0.086146466047516"
"GLT","2018","1","0.57818580105986","2.2728209186698","1.8582537114937","1.4762686693848","0.22123856987878","0.37458980704725","0.044856510771413","-0.17124256618502","0.3663610461275","-75.129702068924","0.19470693254605","0.043076683301972","0.067983009943924"
"GLT","2018","2","0.58638528712672","2.2123246901407","1.5035008053237","1.6844432891903","0.071898935585094","1.3837083072631","0.046115709519848","-0.12136792547413","0.36963611039837","-85.033601317045","0.16839502245667","0.012107422872462","0.019207037509896"
"GLT","2018","3","0.49470755838926","2.3653215586508","1.8790217460077","1.7056638143571","0.12394351816222","2.5244485870908","0.42506489224318","-0.06973113032008","0.3309728084351","-75.128479694002","0.43930727400427","0.054449289094346","0.08138576395824"
"GLT","2018","4","0.50466266577412","2.3565741614394","2.003907740645","1.6026221150908","0.14507403471067","-0.99134062206781","-0.11603520913225","-0.1325399130774","0.33539920757885","-98.852360581628","0.26573235123912","0.038550864347412","0.058006046316874"
"GLT","2019","1","0.57303740014326","2.1601428396323","1.8697576575735","1.6118604338271","0.11852925558743","6.9424783939826","0.52420999087427","-0.14345536314535","0.36428720645235","-26.769386131674","0.22710114891801","0.026918130124301","0.042343225427448"
"GLT","2019","2","0.31938678122748","3.0906890879281","2.6065390959869","1.6112828096627","0.070683701909399","4.0241361654418","0.21156584940431","-0.16626551459242","0.24207213970292","-15.929303727655","0.1732345514651","0.012244859396167","0.016155705625292"
"GLT","2019","3","0.51830159271435","2.2014491704379","1.8878243050572","1.6322686130926","0.1044212585453","-0.12368015597838","-0.0076519502236743","-0.15314337706699","0.34136932688568","-41.349349950917","0.19752477292531","0.020625785382735","0.031316162797591"
"GLT","2019","4","0.36851974798179","2.7781211420211","2.3561375592945","1.625747699706","0.17349327244289","0.28605802945524","0.062750733561247","-0.10069354746346","0.26928347108272","-72.987412397356","0.33026880032061","0.05729941495341","0.078415380911544"
"GLT","2020","1","0.35106067798924","2.9632617098442","2.5418355632403","1.6194675533372","0.078400230557125","0.93609197808155","0.067670886715175","-0.14276084723367","0.25984079302176","-50.548263198906","0.22677056434754","0.017778864528417","0.024020324763642"
"GLT","2020","2","0.28907357295803","3.3730487921783","2.7041662283397","1.6150385253703","0.066437194252986","4.2331453463173","0.19136593595346","-0.192450123459","0.22424908788929","-12.188383774392","0.14173960799301","0.0094167818695735","0.012138924650377"
"GLT","2020","3","0.41858142148825","2.6229380205864","2.1334840915711","1.5699566640099","0.1852613865836","-0.74994789356038","-0.11441158769251","-0.13090819441613","0.29507042397969","-62.494099680039","0.23235252037431","0.043045950100739","0.061064185083219"
"GLT","2020","4","0.53129762616619","2.2058044426655","1.7896209513721","1.5533616643724","0.22726573573451","1.7229251618811","0.33213149691834","-0.085199535409701","0.34695908691269","-50.468700635432","0.28609338766065","0.065019224235477","0.099563783726954"
"GLT","2021","1","0.48803460428113","2.58196820023","2.1272966952351","1.6860506237968","0.2332727091834","-0.25123371601364","-0.052892604716725","-0.10349763092439","0.32797261762397","-10.285693956786","0.28078562888187","0.065499624349038","0.097465707598784"
"GLT","2021","2","0.36194436527603","3.15533366142","2.5785094803483","1.6857824270734","0.11232022347348","0.82893527716955","0.080608400291897","-0.1056654068643","0.26575561711926","-14.944196841069","0.21464355134577","0.024108811654298","0.032834860186073"
"GLT","2021","3","0.67519820099243","2.1243104608129","1.8010551163615","1.6784308403019","0.086470116354003","20.701912503451","0.5119544093951","-0.15341158329015","0.40305571041828","-18.261035774935","0.1119909240969","0.009683868237251","0.016222398649691"
"GLT","2021","4","1.4363054979765","1.5206258752105","1.3956711894312","1.6788684115937","0.13229729347771","-2.4622562067153","-0.101142757139","-0.10235378969449","0.58954244415138","-37.175777937742","0.18121991983918","0.023974904918972","0.058410192667557"
"GLT","2022","1","0.92969262122586","2.046569119394","1.8596741014434","1.779489210498","0.67737216535014","-0.51704324630768","-0.16371367607598","-0.077677783556438","0.48178275182255","-173.83268852346","0.21733730803793","0.14721824295703","0.28408595714401"
"GLT","2022","2","0.53915948174484","2.6590288947496","2.113794086555","1.9181192902099","0.032858938239118","11.430251254854","0.75237757400394","-0.02177282746137","0.3502947473212","-24.959949048146","0.6844109569568","0.022489017364819","0.034614184312186"
"GLT","2022","3","0.81153051831943","2.0678320293284","1.8329444006193","1.9260652379987","0.029989472623959","-0.67865552360065","-0.042915431803922","-0.013517509134347","0.44798059437182","-47.193059707758","0.93161131442476","0.027938532010112","0.050611503373362"
"GLT","2022","4","1.0172702001575","1.8492961317331","1.7782535951467","1.9202406560018","0.017354770956812","-3.7773048955614","-0.07006789989284","-0.024088180628182","0.50428058674444","-31.270018624179","0.53292840936784","0.009248850480957","0.018657430460947"
"GLT","2023","1","0.80359451884241","2.1028745507346","2.0050731211801","1.7588755901532","0.12507865037415","1.8959250893881","0.10589925419799","-0.052486027737746","0.44555165279509","-38.227411648066","0.19396315253181","0.024260649340994","0.043756374174975"
"GLT","2023","2","0.64599080968154","2.3881758537848","2.2843329252883","1.6043189091363","0.078348520774517","-5.1691306660764","-0.0779542621904","-0.21173432276694","0.39246319352568","-21.019351910929","0.073263454457445","0.005740083283572","0.0094481243315662"
"GLT","2023","3","0.2933534603458","4.1378928292098","3.8319368301844","1.5121742496359","0.058798256094252","44.221348494644","0.78001218214573","-0.33737885922476","0.22681615609346","-7.6536615495121","0.064178142571412","0.0037735628625673","0.0048805505861339"
"GLT","2023","4","0.20695975284836","5.3641642196939","4.7009413174082","1.634390382198","0.074572858184322","0.49170631735074","0.027489255477804","-0.17562106959348","0.17147195866304","-14.579509668042","0.12016101014922","0.0089607499691423","0.010815264568092"
"GLT","2024","1","0.20670893859749","5.125020119456","4.5116403582711","1.6159302861407","0.045244278393576","0.96350203291261","0.041483623637085","-0.19816659491004","0.17129974924835","-5.9444974855785","0.16082837982257","0.0072765639902801","0.0087806948093476"
"GLT","2024","2","0.17590825707098","5.8156050990379","5.083702393349","1.8111851494516","0.02220723346434","-112.19643453995","-2.0757250035416","-0.16233401699397","0.14959352144456","-0.15593971101063","0.1226654007628","0.0027240591927364","0.0032032436974889"
"GLT","2024","3","1.0136901383566","1.814704309628","0.74067489183916","1.6632167930918","-0.12609954440867","16.727333701128","-0.19472779557626","-0.32830343539689","0.50339926637565","27.278157338893","0.046335973207475","-0.0058429451111949","-0.011765880949372"
"GLT","2024","4","1.3445663384842","1.6276754993063","0.53375912370162","1.8507380244344","0.054048644420252","-11.645505007442","-0.38778141401457","-0.046397785812635","0.57348189147571","-6.7883164299257","0.35162065653622","0.019004619835942","0.044557591943038"
"VEC","2017","1","1.0312856870552","1.6404255799899","1.3822116437405","1.9093199145898","0.019724859460911","-1.1921494785799","-0.013253210639618","-0.042446425120169","0.5077009569","-3.9211218025115","0.28189323131701","0.0055603043707103","0.011294566683894"
"VEC","2017","2","1.0265913529725","1.6415319575821","1.3652737481979","1.8689647724469","-0.05460483619129","-5.0186206333755","0.099024618007076","-0.079656310171222","0.50656061048852","3.9897945074944","0.17998141300331","-0.0098278555745223","-0.01991704712559"
"VEC","2017","3","1.0433063569557","1.6216984244264","1.4007534774574","1.8861075904033","0.010849437628941","13.399605919083","0.059699556523012","-0.065543914437519","0.5105971277406","-4.6534355961931","0.20631751585197","0.0022384290199941","0.0045737962461481"
"VEC","2017","4","1.2894541380707","1.4969933531044","1.2755869138595","1.9297514289067","0.014923655903405","0","0","-0.03022160854343","0.5632146617959","0.65481892360376","0.27386509284119","0.0040870684095159","0.0093571556827443"
"VEC","2018","1","0.93489578508972","1.7271761038036","1.4631195389743","1.883538376412","0.007965743473013","20.736413731429","0.067093999913394","-0.061394115398573","0.48317629936145","-2.1245442588224","0.18824330095398","0.0014994978459126","0.0029013720618073"
"VEC","2018","2","0.99590040497993","1.6628568881732","1.3395617644324","1.8433944047921","-0.01577091570109","19.589929566707","-0.102769275157","-0.077165295393295","0.49897299609494","-1.1094077776789","0.16004845417827","-0.0025241106789354","-0.0050378735263013"
"VEC","2018","3","0.88956140688692","1.7706339666534","1.3824708622774","1.8005773609508","0.019550578301286","37.740861002993","0.30831971931155","-0.10445461255352","0.47077665941139","-4.5851777092467","0.18744196235878","0.003664598762042","0.0069244843924801"
"VEC","2018","4","0.90475616972757","1.7653582906643","1.4139076409651","1.8734368790245","0.019538673374656","-4.0309820011957","-0.059194856880098","-0.065165592071701","0.4749984192764","-2.1501308034211","0.34100136083507","0.0066627142096698","0.012690845998"
"VEC","2019","1","0.65819995634803","2.1063950575103","1.6073570660427","1.6805215203376","0.005398763822973","101.57625750763","0.19127655646594","-0.18839505589329","0.39693642122487","-4.4393777988994","0.12693854110364","0.0006853112034513","0.0011363830076478"
"VEC","2019","2","0.48590396446574","2.4550758012749","1.706176703198","1.7241541220376","-0.00056725222420579","0","0","-0.1544742925744","0.32700899660124","-3.1990363376559","0.1884450352914","-0.00010689586540958","-0.0001588369901971"
"VEC","2019","3","0.50400626422108","2.4613160620678","1.7832232891661","1.7646643640203","0.054550971482727","0","0","-0.13666022864828","0.33510915227611","-12.945735846803","0.17656864821225","0.00963199129337","0.014486575242151"
"VEC","2019","4","0.52152490222239","2.3452241706033","1.6493496908434","1.8564292047268","0.058458575786046","0","0","-0.076924118954804","0.34276461821994","-18.4016233554","0.31888234229322","0.01864140757378","0.028363365835983"
"VEC","2020","1","0.50907293523472","2.7306547980893","1.9098394913766","1.6927746640832","-0.0082187986957589","-42.569618613546","0.18725804262377","-0.17248876595794","0.33734150507148","-4.0791804857166","0.14295930958494","-0.0011749537871633","-0.0017730909603596"
"VEC","2020","2","0.41748759544448","3.217311229256","2.1713017145482","1.6979970193972","-0.013148365527993","22.131553887143","-0.1614574406761","-0.16920702347921","0.29452645426048","-0.23987711144137","0.12219927155573","-0.0016067206896692","-0.0022775066469501"
"VEC","2020","3","0.42914454442031","3.1261054239318","2.1164851489634","1.7177470287538","0.04590479805326","14.770785485048","0.56869285586797","-0.14015181797366","0.30028071414874","-17.782929624446","0.19004853937629","0.0087241398203857","0.012468056829064"
"VEC","2020","4","0.43578231339727","3.0794871415203","2.2063764820751","1.7908684917743","-0.020963298447991","0","0","-0.11319986847306","0.30351558821347","-10.824311178985","0.28939131400366","-0.0060665964837149","-0.0087103119338359"
"VEC","2021","1","0.35986945297004","3.5987786374815","2.575166089942","1.757603229603","0.015699154345274","3.9624988591279","0.056580309445309","-0.12261960226668","0.26463529435422","-7.7255032611061","0.17126586223798","0.0026887292053506","0.0036563207136647"
"VEC","2021","2","0.3904306433652","3.3452734169361","2.5151595726569","1.7842563308004","-0.026074536608259","-7.0994973441872","0.17499743285994","-0.11176768113098","0.28079835929123","-14.977944807116","0.19288426944087","-0.0050293679446933","-0.0069929873070602"
"VEC","2021","3","0.40115628759345","3.1695905088496","2.4845002489609","1.6976790396017","-0.0019264528887703","0","0","-0.14026696333661","0.28630374152084","-46.355045988238","0.11781508063811","-0.000226965202436","-0.00031801372045812"
"VEC","2021","4","0.39471255335289","3.2672543167378","2.6171133650352","1.8725295221278","-0.008590493550048","0","0","-0.07177031643427","0.28300638178383","9.7423421381302","0.27779533026443","-0.00238639899287","-0.0033283406326645"
"VEC","2022","1","0.3526816583987","3.7822282838658","2.9647288500604","1.6205378194083","-0.0077100757029899","-15.365628391666","0.071736733370918","-0.1755342709602","0.26072775971266","-44.589351128607","0.10562513917775","-0.00081437781919926","-0.0011015939390376"
"VEC","2022","2","0.39729089029929","3.4864717876075","2.8068060204549","1.8028429320835","-0.03629850364357","0","0","-0.080133326994768","0.28432940703864","1.860232905362","0.19910330976323","-0.0072271522148875","-0.010098433952669"
"VEC","2022","3","0.4492512395204","3.1387484158488","2.3901488674266","1.7429375713194","0.016706795641519","0","0","-0.10907778089239","0.30998851494449","-165.46669310191","0.14321657457917","0.0023926900439726","0.0034676090120155"
"VEC","2022","4","0.45209866337636","3.210432243212","2.7048337756101","1.819071683821","0.011755270661641","13.069749780367","0.17985531852796","-0.011050569604495","0.31134156016999","-30.580379556033","0.26135795952573","0.0030723335537992","0.0044613314469181"
"VEC","2023","1","0.37989922558327","3.8475667810508","3.1135245755302","1.4238267072059","-0.073273515507698","2.228722943233","-0.059044134628247","-0.27260345009519","0.27530939835312","4.984286903444","0.065728519256813","-0.0048161596750621","-0.0066458150059036"
"VEC","2023","2","0.42549080255807","3.6052105653747","2.9802668463328","1.6249252032447","-0.16105015530418","-0.24693446443836","0.022322469485268","-0.13294567349355","0.29848723106071","-6.5912716509901","0.11094721165875","-0.017868065668208","-0.025470763269534"
"VEC","2023","3","0.43159009032003","3.4998879243758","2.9084244364876","1.5391095796062","-0.013109264174241","-27.705371616137","0.15619905965524","-0.21274791484216","0.30147602532199","-13.633929555325","0.086222532853444","-0.001130313960948","-0.0016181462654435"
"VEC","2023","4","0.5049574449927","2.9389687269129","2.4933416145318","1.8481061300662","0.057345348978123","0.90360763543456","0.054195145688847","-0.049106124818768","0.3355293843509","-3.9102219438115","0.25478343776824","0.014610645152666","0.021988399198651"
"VEC","2024","1","0.35513549834505","4.2519208174294","3.4972391783726","1.4385592671192","-0.057758292852516","-10.808131178858","0.24384271203881","-0.26298945365377","0.26206641238367","33.93084978958","0.062657751937501","-0.0036190047858865","-0.0049042418540354"
"VEC","2024","2","0.39531671277992","3.9558017067526","2.9833918447455","1.5411200799989","-0.096724816319583","3.3661725385716","-0.16136640079133","-0.19578573064039","0.2833168334896","6.3331335264591","0.086124649341775","-0.0083303908881716","-0.011623533630255"
"VEC","2024","3","0.42790626558683","3.6718374785931","2.7874693844622","1.5915526949294","-0.046853165717656","-6.3315331811064","0.14144430915094","-0.18274441771265","0.29967391830932","25.564124405712","0.090284227548287","-0.0042301018750104","-0.006040188971398"
"VEC","2024","4","0.38053747045398","4.2459155395102","3.5130066538279","1.825714598313","0.041745331740055","2.2836215956651","0.089252330552855","-0.0047269291273053","0.27564443457579","-230.96855745358","0.15120232462108","0.0063119912011745","0.0087139403663972"
"ONE","2008","2","0.3996097784767","3.2775602799436","2.3443731174935","1.7262319413782","0.083467981326601","0","0","-0.069614681031164","0.28551513759187","-9.4756488969159","0.50305344252513","0.04198885534697","0.058768012530663"
"ONE","2013","1","1.9055208710251","1.4734940304488","0.91511107118334","1.8814241062936","0.029893901202949","-0.66171071450193","-0.013435093160505","-0.014751316945043","0.65582763146795","-5.8605298024575","0.40516803354523","0.012112053165394","0.035191823263019"
"ONE","2013","2","1.8062658991502","1.4709067009516","0.90829735506038","1.800634917011","0.01905382674979","-14.226607378429","-0.11516154800641","-0.022218003644573","0.64365458016547","-2.9188872410763","0.24871650369012","0.004739001171125","0.013298897382561"
"ONE","2013","3","1.7199715184688","1.5575477403078","0.85203568024012","1.8445996082484","0.024867270441452","7.1939666096675","0.10370358543862","-0.022809658370064","0.63234909144823","-1.9400730174334","0.32090266226013","0.0079799732878045","0.02170530006097"
"ONE","2013","4","1.4392920516867","1.6792690097777","1.0039246382959","1.8604493001108","0.017295533743434","7.2155662721265","0.14426415992397","-0.011836845669461","0.59004498895139","-4.3631006049183","0.58453919673869","0.010109917401554","0.024661041160819"
"ONE","2014","1","2.5862937891471","1.309823040902","0.84430939040531","1.7126741043446","0.044655401610713","7.4925793674587","0.04999626283623","-0.033908957134687","0.72116060233933","-2.7170334450399","0.10230008276668","0.0045682512807551","0.016383091195435"
"ONE","2014","2","3.4931180551042","1.2248885249943","0.52960702449294","1.867781620653","0.023404815455831","-9.9886610242415","-0.071627160649832","-0.02063363348501","0.77743740811262","-1.3359212816571","0.22804647175087","0.0053373855866824","0.023981503546575"
"ONE","2014","3","3.0467164820776","1.2818184322516","0.56142974903475","1.9111076631743","0.019227145823264","2.9694645907513","0.046640314330611","-0.008844139589659","0.75288607333158","-10.440344150372","0.57970074242701","0.011145990708498","0.045104664309164"
"ONE","2014","4","2.4946945534584","1.5046242381605","1.0058051504994","1.8903348435549","0.0067425802364077","5.0095072325234","0.029016937796951","-0.016378306756656","0.71385195910458","-2.0969533627085","0.51184105791881","0.0034511294013054","0.012060643122022"
"ONE","2015","1","2.8284357918905","1.2348872305679","0.64244198269786","1.8812352916218","0.023962725579723","-25.628466966072","-0.31152976786507","-0.01652124879987","0.7387967163722","-4.1879999312174","0.3730980468494","0.0089404461109826","0.034227923886754"
"ONE","2015","2","2.7875661328557","1.2357675971132","0.72482503036654","1.9098806220556","0.03186894459052","2.3582612739161","0.060368420011457","-0.01248368025544","0.73597820739673","-3.5503193089021","0.58904996230298","0.018772400609681","0.07110170878163"
"ONE","2015","3","3.6994038047079","1.2570413715331","0.56378144413061","1.8880583744541","0.0082529513601799","-78.566145300586","-0.28975732201682","-0.013211639013602","0.78720704975423","-0.32301948985352","0.35178608961472","0.0029032734867781","0.013643654469873"
"ONE","2015","4","4.6746097393921","1.2034168696856","0.69516693568974","1.8985443180867","0.0096474585662497","-22.139312761384","-0.13430774559426","-0.011705969526764","0.82377642764432","-0.58742955642956","0.51800429681865","0.0049974249906972","0.028358436524092"
"ONE","2016","1","2.7427182973149","1.3525295631958","0.76758392993436","1.8878339701249","0.01852585599832","25.101722163756","0.22463489974478","-0.016828978392089","0.73281451593153","-0.93678642409346","0.35398877540561","0.0065579450781861","0.024544541036913"
"ONE","2016","2","2.5916279716592","1.3720941271831","0.69608149955595","1.9293166402187","0.019135847304445","-2.4931346249667","-0.025011921047225","-0.013874184373454","0.72157472658894","0.025572912905398","0.37783486818483","0.00723019034388","0.025968153879499"
"ONE","2016","3","3.0735994814538","1.3206381629775","0.76627852176095","1.8814060635979","0.038942789113476","7.2283921887895","0.15027430769152","-0.016227584802125","0.75451685798941","-3.5224918624961","0.40200777691292","0.015655304078297","0.063773438575353"
"ONE","2016","4","2.8411165331017","1.3475252858065","1.0350027162722","1.9250920991647","-0.010166460850989","28.109249556213","-0.20458704164367","-0.016056904354071","0.7396590310702","0.4170061652823","0.52858414516352","-0.0053738300182585","-0.020641507329211"
"ONE","2017","1","2.4830391952354","1.3957234822353","0.80529774141859","1.8057483818898","0.014061128794986","20.776703614903","0.056254872074864","-0.034976648057668","0.71289441664396","-0.32024304348789","0.13721549174017","0.0019294047020259","0.0067201922006276"
"ONE","2017","2","2.6458933306484","1.3708653917629","0.86885599661917","1.9182023480217","0.021321116973591","-4.2011217481554","-0.051965832758043","-0.011714722272043","0.7257187993972","-1.1046059990882","0.42102806328116","0.0089767885863819","0.032728413637731"
"ONE","2017","3","2.55970532038","1.3860417071118","0.97428733479587","1.871568419883","0.022804031551448","-0.81935185587575","-0.0090869586232025","-0.013476536040866","0.71907787021729","-1.8439638262914","0.34957613258674","0.0079717451571412","0.028377063648589"
"ONE","2017","4","2.8178981062524","1.351085542983","0.94789474417212","1.8536797542261","0.013325319040546","22.762887822268","0.12657512142942","-0.017832981541388","0.7380757756834","-0.67177647671944","0.30799547095072","0.0041041379134615","0.015669180367604"
"ONE","2018","1","2.9415254940365","1.336878889301","0.68422867486118","1.852634868044","0.01199015562196","37.419866407123","0.069513246991825","-0.036540100890201","0.74629112471479","-0.52906411591586","0.11562421553834","0.0013863523379718","0.0054643430838329"
"ONE","2018","2","2.4946719893321","1.3940167162939","0.72450219816939","1.8054928447162","0.019656415436314","-7.9796655344563","-0.059639039799848","-0.018452341020214","0.71385011152617","-0.88240413956143","0.27142426070271","0.005335228027867","0.018644871945686"
"ONE","2018","3","2.0814139935263","1.4765039253024","0.76800763396028","1.8201797557463","0.02706714469524","27.312929665238","0.30231667853381","-0.017462620278885","0.67547366173422","-1.8427685079127","0.27622297350471","0.0074765671920013","0.023038398768972"
"ONE","2018","4","2.6856847095523","1.3700263611769","0.92648342225161","1.8919256205399","0.0073129669589184","38.263936677292","0.1789228672482","-0.00989800321815","0.72867999332437","-1.0225300048718","0.4659286697067","0.0034073209667779","0.01255831078779"
"ONE","2019","1","1.6240003853706","1.6129459618362","0.69167534249393","1.8805357800621","0.040174276147673","-16.8811267809","-0.27793147984854","-0.019594689164724","0.61890249499382","-6.7913092723385","0.25363575812065","0.010189632987663","0.026737600886414"
"ONE","2019","2","1.7642101678488","1.5639392991086","0.54098926126856","1.9739339672984","0.00063524661469185","1350.9123148249","0.32047829920125","-0.016408512121465","0.63823300716015","0.0017989916527833","0.23834627433601","0.00015140866389636","0.00041852536824273"
"ONE","2019","3","1.8934521397208","1.5260159635337","0.58843579999743","1.8417969270511","0.014246270871778","-18.369456654715","-0.077068984055405","-0.021871129275427","0.654392071577","-352.50198065625","0.19271705694922","0.0027454993949104","0.0079439710988056"
"ONE","2019","4","2.0902021559754","1.4769713732429","0.92411437302354","1.93288953282","0.0055682131149856","20.480757873194","0.11456868904685","-0.0068055144150206","0.67639657552296","-5.8598331753417","0.67952505077953","0.0037837402997118","0.011692522431821"
"ONE","2020","1","1.817130624308","1.5492115083135","0.94582467932609","1.8341522111949","0.020719818695635","-5.9616978829503","-0.048214639512327","-0.019148483899446","0.64502888457803","-6.7663826510624","0.2517689520533","0.0052166070397344","0.014695863446617"
"ONE","2020","2","1.4712595439354","1.6736368197052","0.85163983618473","1.9166195756855","0.013259092394111","-8.1318162785419","-0.051778352029408","-0.0079109135982323","0.59534804733317","-2.9177907260308","0.28590240085695","0.0037908063486605","0.0093680663683382"
"ONE","2020","3","2.1845121763887","1.4494352443507","0.73070901041196","1.9157448182077","0.012034908049002","-11.887020110984","-0.08158174514789","-0.0067538386482938","0.68598016128987","-20.246707884411","0.3911909268134","0.0047079468338029","0.014992514018036"
"ONE","2020","4","4.0049335315884","1.1958612085788","0.93889137790174","1.9640451107331","0.0063973070357558","7.2191897317943","0.045338313074371","-0.0039121250803577","0.8001971467376","-3.6550982915914","0.78555519435285","0.005025437771808","0.025151982015033"
"ONE","2021","1","3.8527724349619","1.2064850272784","0.67482566927912","1.921072531105","0.019046600336259","-67.252676953086","-0.33809471498019","-0.01053292296538","0.79393222876155","-1.4299859678223","0.20955342780506","0.0039912803884962","0.019368775449498"
"ONE","2021","2","3.3221287280748","1.2381056281071","0.83573839939195","1.9283639736745","0.0027811154225876","159.03404036766","0.21280716502662","-0.0064014515103346","0.76863252741539","-0.17817069180866","0.36982468782786","0.0010285251429717","0.0044454180679852"
"ONE","2021","3","2.8717197828474","1.2787441955153","0.85010775734992","1.8903184671596","0.012569488646563","19.693655019847","0.066977295359472","-0.003575504532581","0.74171684520398","-1.2418295219782","0.20068818836176","0.0025225479051124","0.009766598627404"
"ONE","2021","4","4.4259698065647","1.2080853603037","1.0179469256463","1.9609362391151","0.0060135434966824","31.436431628161","0.16899503096158","-0.0020512359953126","0.81570114916782","-1.338570546866","0.71419328855818","0.0042948324057833","0.023303630958036"
"ONE","2022","1","2.7903674927595","1.3366058624508","1.0246883939429","1.9402371811651","0.01086661375109","-61.177795854739","-0.31396806640604","-0.0039607467085141","0.73617333888858","-2.5991579155925","0.33656730736251","0.0036573469303527","0.013862688914553"
"ONE","2022","2","2.8369092148175","1.3271342133247","0.87243205449619","1.9022864910586","0.034626045112235","8.4163321868305","0.082706371591218","-0.0069319722391914","0.73937355720116","-0.18404463303022","0.20384285396029","0.0070582718570356","0.027081948328947"
"ONE","2022","3","3.8565414994173","1.2431702565662","0.71005029422228","1.8738672052185","0.0063145391585836","-177.88493782323","-0.18577042536131","-0.010631142241986","0.79409215382593","-0.69337281926269","0.12825331906486","0.00080986060545339","0.0039331216391276"
"ONE","2022","4","4.0992278076562","1.2301682294182","0.98929262541517","1.9584425165375","0.0043858254896353","37.661859831478","0.18793263928293","-0.001410287066317","0.8038918758447","-1.1059708954035","0.89487242080826","0.0039247542731525","0.020013216127877"
"ONE","2023","1","2.4108706156191","1.3764845901557","0.9156292050863","1.9426408915607","-0.031913324993797","4.7870914266858","-0.038587190154025","-0.0097801359158781","0.70681972062476","2.0842723290551","0.17469405975627","-0.0055750683034876","-0.019015836656435"
"ONE","2023","2","2.2311261194409","1.4173538268433","0.95293938215667","1.9122045213494","0.014592923615557","8.1762264620349","0.074142171050593","-0.0022667328830361","0.69051037841474","-2.4736100259694","0.41735924567396","0.0060904915923666","0.019679146464331"
"ONE","2023","3","2.1498390272899","1.4369795369928","0.99641023718567","1.9142012063187","0.0013865148588285","-253.79753865878","-0.144727088431","-0.0044214972499503","0.68252345871135","-0.50482167207211","0.27275884560698","0.00037818419231099","0.0011912193284453"
"ONE","2023","4","2.6208736798603","1.3583779733578","0.95731854554144","1.9515702968549","0.0082524228040124","20.621019537103","0.16104339265143","-0.0051747231970207","0.72382356071627","-0.93437838956621","0.66939563220381","0.005524135780105","0.020002197850157"
"ONE","2024","1","2.0884229525845","1.4432449073331","1.0258369138337","1.9072796972187","0.0089930221433259","-36.466112097504","-0.17431094068161","-0.0062121747550919","0.6762101514745","-1.288903343055","0.35244079097522","0.0031695078374514","0.0097887807535813"
"ONE","2024","2","2.2442387223962","1.4124876219108","1.0836336024383","1.93182878001","-0.11401478327408","0.85286693407981","-0.027242817508216","-0.0086534067028043","0.69176127727697","1.7091196983899","0.19004662686552","-0.021668124974043","-0.07029657008251"
"ONE","2024","3","2.5353349263499","1.3664172359817","0.8330887889833","1.879745878378","-0.029715276683147","-21.514175801424","0.087095067876928","-0.016104117542837","0.71714136826282","1.5243129946263","0.096005642639892","-0.0028528342341877","-0.010085724507211"
"ONE","2024","4","2.3126970119982","1.4074499631676","1.15829149237","1.9465364703851","0.021027797038553","1.7853001645934","0.061284436090047","-0.001010894050149","0.69813116129301","-2.6166936722059","1.1197024332042","0.023544875508991","0.077997038746505"
"ITD","2013","1","1.3020405535536","1.6626906056422","1.1630759280713","1.7753193473287","0.087232920964177","-0.20313955075989","-0.0091386665325888","-0.089649583589561","0.44766904625333","-5.4977215966047","0.18069203857332","0.015762294319722","0.045844461646589"
"ITD","2013","2","1.3341584627278","1.6041123030132","1.096033814792","1.757730088635","-0.037270551643193","-9.1880061352126","0.1248782334406","-0.10421645507717","0.45826456991053","0.65266510966276","0.13431922366175","-0.0050061515621587","-0.014574549094328"
"ITD","2013","3","1.2312487709458","1.5567932987761","1.0700638114267","1.7759689274228","-0.0089051598003282","45.486742276927","-0.27016991717561","-0.063603288449509","0.44866165237137","-1.3347023947723","0.24400744422828","-0.0021729252833225","-0.0059630939490975"
"ITD","2013","4","1.2212872795675","1.5364139183122","1.1608228089469","1.7775579734497","0.035092086744342","-3.0824753592776","-0.061317547494249","-0.068105727002642","0.45518964460448","-3.4530302525044","0.21633247282812","0.0075915579021025","0.020368374386007"
"ITD","2014","1","1.0645914003346","2.2199563117342","1.8829949230987","1.6944203892238","0.07276662275365","-2.0663169222001","-0.1083309985377","-0.045321557189115","0.45677267728577","-21.465496186795","0.25021300747347","0.018207155522878","0.042435071443831"
"ITD","2014","2","1.0187649831215","2.2039425592707","1.79338640875","1.7705778155844","-0.044923272883843","0.79238550864555","-0.016826492519681","-0.10165803739579","0.44883904780848","0.49793645543762","0.16738973003939","-0.0075196945205122","-0.017068036969318"
"ITD","2014","3","0.97445801743272","2.1495202998925","1.7097801683111","1.7491107957914","0.0017477966569214","57.987746068931","0.057027270231599","-0.093741163048454","0.4424854630047","-4.4835336072344","0.20331582286637","0.00035535471550506","0.00078257543017352"
"ITD","2014","4","0.91436930352978","1.925521294445","1.550685675536","1.6729306374887","0.088064617198692","4.1162656147421","0.25027802960847","-0.071848580757364","0.42283870843275","-29.46378885815","0.28247437251935","0.024875997484357","0.053793203036419"
"ITD","2015","1","1.1058875844866","1.7701331344285","1.579800233408","1.7356782546834","0.016565263685784","-7.4549876495043","-0.095094594986063","-0.078237438432472","0.47444709968414","-29.68405480976","0.34834801537074","0.0057704767290359","0.013450390097142"
"ITD","2015","2","0.97375671606395","1.6420066040883","1.3323854132612","1.7105335507054","0.036660174513315","-12.824302148531","-0.11581539566103","-0.12828814767068","0.49335194562672","-6.1761758358612","0.12024286883122","0.0044081245553343","0.0087005654463376"
"ITD","2015","3","1.0706893992559","1.6350085284645","1.2484871925663","1.6978265551087","0.060492876612671","-3.8010877082967","-0.12590911928138","-0.077694267688136","0.51706904939034","-11.411675659516","0.27813716037147","0.01682531692375","0.034840005393131"
"ITD","2015","4","1.2669383939748","1.5812275700542","1.1996120481847","1.7450037461363","0.090843349343145","-0.30227791373222","-0.018301273419531","-0.05596607569974","0.55887641117296","-30.475679911569","0.36425327552641","0.03308998755803","0.075012963251449"
"ITD","2016","1","1.0862557986238","1.7051444955115","1.30056520142","1.7513555787171","0.083269848494128","5.0047013488997","0.2638319953047","-0.063782306395297","0.52067239278152","-10.806502511997","0.31713411124371","0.026407709395584","0.055093236854908"
"ITD","2016","2","1.2499897445299","1.6036116477276","0.96842065695398","1.750852199662","0.037024332624587","-3.0649270339082","-0.034342374685311","-0.088798966775508","0.55555352977446","-12.303636200162","0.16249508674224","0.0060162721414059","0.013536550618465"
"ITD","2016","3","1.3180666409748","1.5796057584198","1.0133348187292","1.7737889695303","0.085528066389218","-1.7130594362135","-0.077184985870891","-0.054355835193629","0.56860601747865","-22.150665508181","0.29012366421028","0.02481371601366","0.057519847329888"
"ITD","2016","4","1.2665924829445","1.6667672770446","1.3703174847515","1.7650151834641","0.093069670357186","1.3147041469236","0.13122946456549","-0.048068282067908","0.55880909006593","-11.450802193881","0.56829408942189","0.052890943568432","0.11988221510805"
"ITD","2017","1","0.71718324407413","2.3036003010468","1.9653263145829","1.7774225214958","0.013468196131853","32.533554269453","0.34054666364286","-0.059220427680264","0.41765096797274","-7.7053784549261","0.28344165878276","0.0038174478524241","0.0065552574873094"
"ITD","2017","2","0.62236468177027","2.5851990110542","2.1458813757505","1.6452312302283","0.0611301866533","9.0957221516793","0.24930331740464","-0.13294332138988","0.38361577317571","-156.97119915237","0.13847574073066","0.0084650478778195","0.013733394706469"
"ITD","2017","3","0.57879007465055","2.61483574928","2.1863430175145","1.5842308533511","0.18148232287838","0.173986999346","0.020983793030558","-0.10821590428521","0.36660356810177","-462.45377865492","0.20100938660396","0.036479650401245","0.057593709980207"
"ITD","2017","4","0.60051528400734","2.5856943716505","2.0718541506607","1.6651050394077","0.056464428639266","7.5687564962892","0.29000841765741","-0.12368948155329","0.3752012180126","-1190.4585076965","0.21554896136257","0.012170848947125","0.019479629759218"
"ITD","2018","1","0.49210177336825","3.0004118944918","2.5260620872003","1.6709950015228","0.033033642146019","-2.5460604089442","-0.069070591590555","-0.11891126061847","0.32980442899507","-59.164555259241","0.22082993400024","0.0072948170148928","0.010884609404318"
"ITD","2018","2","0.49182844280709","2.9335554009804","2.3384652958268","1.716639612763","0.035021128467358","8.1337796762296","0.1645031234728","-0.1289067967372","0.32968163677162","-53.751663527643","0.15864218542367","0.0055558283560648","0.0082883427649316"
"ITD","2018","3","0.38767578671156","3.5161999867296","2.8522997441527","1.6642832041321","0.095174478190295","0.78198275095776","0.063437978312668","-0.10578692792601","0.27937057807303","-48.986444000185","0.19283798633605","0.018353254724801","0.025468367188956"
"ITD","2018","4","0.47740680477502","2.9430315549968","2.4247917651927","1.686529042974","0.077554626498681","-2.7913742445773","-0.22457736789182","-0.13005863603123","0.32313835514499","-96.794212033005","0.28461010021086","0.022072830019606","0.032610549271608"
"ITD","2019","1","0.43599653872423","2.9039093037763","2.5248941373697","1.8399685438592","0.046770858017745","2.0081183206016","0.11264802379216","-0.09461629436221","0.30361949138929","7.1772878458517","0.32813318600076","0.015347070653352","0.022038340337769"
"ITD","2019","2","0.36040635127936","3.1366663063343","2.6359128669534","1.7321213147949","0.01660551535828","-7.2603708388138","-0.068882922394843","-0.17575891926468","0.26492551357205","1.4609085635769","0.13859577741717","0.0023014543104936","0.0031309130611748"
"ITD","2019","3","0.5885167746305","2.3041232759675","1.8415825753896","1.6859272129944","0.0021053464536477","9.7098587922259","0.0061464511785876","-0.19789439408284","0.37048193889384","-0.9900463599747","0.10621320243429","0.0002236155890756","0.00035521711431547"
"ITD","2019","4","0.65333271647494","2.1573028905687","1.6953760801053","1.7519168646549","0.049041129526179","1.1751979305196","0.040493293824208","-0.0990461838679","0.39516106465728","-19.086098996137","0.26559198388262","0.013024930882703","0.021534544358197"
"ITD","2020","1","0.583935403575","2.3175788178139","1.8838718370599","1.6388982009939","0.069637331902804","-1.7626139986447","-0.08477635914096","-0.068947725580465","0.36866112232673","-34.480779503974","0.24224543561597","0.016869325801929","0.026719922372116"
"ITD","2020","2","0.68139755879215","2.1315539007954","1.6927088232644","1.7091029569135","0.021487329936178","4.1088062672888","0.027950494610584","-0.14391437937796","0.40525665999042","-4.7774024611218","0.12296831949109","0.0026422608526025","0.0044426909472579"
"ITD","2020","3","0.77399682121325","1.9696784988359","1.3854091113485","1.8022253675872","0.011615787293743","-3.7712981233751","-0.025054357779501","-0.088234044445717","0.43630113197379","-7.3213090457358","0.24064840397795","0.0027953206731865","0.0049588899885046"
"ITD","2020","4","0.86161329869559","1.8475490068372","1.377735305638","1.7275508498489","0.08763241822116","0.31505940234116","0.020834207328874","-0.053381443081884","0.46283151248399","-22.418781781067","0.33853632021352","0.029666756396004","0.055228028235964"
"ITD","2021","1","0.74867585004157","2.0573810867463","1.7114821147448","1.7068893087943","0.078484115499478","0.73698688163847","0.044827482999322","-0.08861459994937","0.42813872566706","-7.5505106563303","0.31719033062598","0.024894402544167","0.043532240530198"
"ITD","2021","2","0.62308162259228","2.2767329458717","1.7815826514404","1.7009867856841","0.022940809849683","10.255397933208","0.082865697772829","-0.14797863552967","0.38388803983692","-3.256885117415","0.12816930947048","0.0029403077571276","0.0047723594853593"
"ITD","2021","3","0.59768487805319","2.3261755311053","1.7579968436053","1.7954891957457","-0.23682524892309","-6.1238307615192","0.32455625044472","-0.25243734049173","0.374094345051","4.0902384346586","0.079642714813639","-0.018861405760651","-0.030134582762617"
"ITD","2021","4","0.78091706078769","2.0159001826798","1.7030104234079","1.7652215709177","0.071757709307842","-3.2267083904669","-0.11171591336335","-0.10002780770533","0.438491537861","-20.969543311023","0.20412638742827","0.014647641971138","0.02608623548671"
"ITD","2022","1","0.60585394282396","2.4435259303146","2.1466608466508","1.7124964342571","0.21455091246126","-0.15855035639802","-0.018910629888642","-0.090496458313779","0.37727836054538","-31.25190195543","0.2020164859271","0.043342821387877","0.069602240618836"
"ITD","2022","2","0.52266140363319","2.6431648401123","2.0906307401331","1.8982773884215","-0.023974803644761","-7.2022939384734","0.16993182602657","-0.055373290034457","0.34325517307136","-1.3825283856036","0.32286837080784","-0.0077407057932218","-0.011786473948219"
"ITD","2022","3","0.63736665143062","1.9954872894443","1.6472449895863","1.8965961111602","0.020208128063037","1.5563652352702","0.041701581265686","-0.033861043524495","0.38926324221501","-11.879759938483","0.49889021167074","0.010081637286838","0.016507336685288"
"ITD","2022","4","0.67242096881584","1.9494819304188","1.751990053295","1.8424519322766","0.042462357911246","2.2972730107259","0.095106365414625","-0.041900766647234","0.40206442119172","-4.706638108015","0.38024874473674","0.016146258294314","0.027003340939327"
"ITD","2023","1","0.58152221682391","2.1161646642774","1.8763381962794","1.6539199428599","-0.074655138156693","-3.7716699926304","0.13758380183221","-0.093443101339368","0.36769778548653","-1.1320642659914","0.17236898743065","-0.012868230570565","-0.020351392538561"
"ITD","2023","2","0.51172012979623","2.2861950985571","2.0254561088294","1.665686267572","-0.078384791884313","2.945817747654","-0.098569038238923","-0.15690791611584","0.3385018957611","1.1872978077911","0.13788344861592","-0.010807965424051","-0.016338618893679"
"ITD","2023","3","0.43736768897187","2.5249568912741","2.2385281580118","1.6267416083661","-0.038346072564067","-8.5693948509872","0.15828136434603","-0.13999883649071","0.30428379065952","-1.5149665167471","0.13959862565973","-0.0053530590293922","-0.0076943140860074"
"ITD","2023","4","0.73416888971457","1.8077453870033","1.6033775597594","1.835766657619","-0.22694969097768","0.30353330654121","-0.056404079679635","-0.050426309766925","0.42335489586335","23.664209697873","0.33653432222996","-0.076376360433474","-0.13244950817336"
"ITD","2024","1","0.5810260868872","2.0856416035201","1.9061567502952","1.7554195723289","-0.0029494481786936","-114.4451946915","0.35426515721879","-0.065527861224536","0.36749936747163","-1.6415989151165","0.36930207905064","-0.0010892373444437","-0.0017221126563772"
"ITD","2024","2","0.34379571548374","2.8775091373182","2.6149741077923","1.7183426757321","-0.028025470305319","26.951338784967","-0.5777679511226","-0.12264007121989","0.2558392704504","-2.5169829387777","0.18355910830599","-0.0051443303391005","-0.0069129290687162"
"ITD","2024","3","0.66882701534672","1.9361241461735","1.1691644857876","1.7417224609009","0.00014658821296652","242.41816774371","0.015510884021612","-0.10038289701845","0.40077671873484","-2.5263146956989","0.16967819525635","2.4872823422012E-5","4.1508439674602E-5"
"ITD","2024","4","0.89165860149164","1.7238014860176","0.84612301680363","1.7355006789159","0.039383472525721","-11.66398441077","-0.24715758092591","-0.072575448308122","0.47136338490917","-7.9214347761533","0.24705385391961","0.0097298386682164","0.018405533007858"
"CMG","2013","1","1.8222696034961","1.1199703253005","0.84474199762468","1.810597326436","-0.0029559645642489","-23.76705368643","0.040552970559379","-0.090263651092815","0.62890816855604","-0.052834853668308","0.30160325450142","-0.00089152853276834","-0.002583215526749"
"CMG","2013","2","1.8742991276241","1.113956478146","0.86975093652994","1.8595962767558","-0.011382678989161","-5.0031707730051","0.036394961137108","-0.074655753194297","0.63515998784917","0.34277745105531","0.33439973059483","-0.0038063647874229","-0.011232234928155"
"CMG","2013","3","1.6541474339058","1.1357342771507","0.93844085490699","1.8649490747823","0.0090776035217515","23.645533583776","0.20979396470711","-0.056739986161955","0.60613334951851","-0.58981561405606","0.46470602067978","0.0042184170099019","0.011512126296329"
"CMG","2013","4","1.6781580605709","1.1866237171109","0.97057328782963","1.858933770775","0.032577619483439","5.2743856002123","0.18076742487959","-0.048560625633037","0.60914345683732","-2.3082462492931","0.49632722097645","0.016169159344244","0.044545180255369"
"CMG","2014","1","1.7902968042751","1.0937704937754","0.95154015718752","1.8162916380642","-0.01372012684676","3.3078759094389","-0.040482275577638","-0.098526128246599","0.62265431788235","0.45932357536741","0.44128096016738","-0.0060544307485566","-0.01740809901987"
"CMG","2014","2","1.7167176304605","1.1644175009005","0.83572481275863","1.8521178454418","0.018569922155462","7.2665386630165","0.11086223247967","-0.078637479322433","0.61291835412818","-0.7929087142817","0.37927511482787","0.0070431093578576","0.019726983090748"
"CMG","2014","3","1.3866660857765","1.3097643765265","1.0734396918087","1.8582581175626","0.033842370885594","-0.45967586644439","-0.02252646196518","-0.062487256979596","0.56125093576429","-2.006909351199","0.54760539326409","0.018532264817795","0.045787118520293"
"CMG","2014","4","1.548958119305","1.3502181729699","1.1215895130308","1.8308924020548","0.047124148581337","1.2549808409034","0.070485957290775","-0.066422787141088","0.58832756425893","-3.9537466617639","0.47998575782003","0.022618920168437","0.059551450880842"
"CMG","2015","1","1.5498054321919","1.1883318165188","1.0185090283694","1.7883419313304","0.040057307855167","-0.64030319941741","-0.03072865227574","-0.090429678706888","0.58744130254231","-4.5483930235598","0.53442886049809","0.021407781391658","0.056478657098815"
"CMG","2015","2","1.0229816445108","1.5153726560893","1.26804518632","1.8745447983007","0.020513066635003","10.033925259397","0.19669640532078","-0.052663564239567","0.50568014162984","-1.8540279988053","0.3737524647132","0.0076668092136584","0.015509814311197"
"CMG","2015","3","0.94148898406242","1.4001289003135","1.1322477172196","1.8514680277297","0.038177128492085","-0.88256973189024","-0.036113485406917","-0.058394561862948","0.48493140666316","-4.1463777437618","0.44134707674267","0.016849364058411","0.032712854707863"
"CMG","2015","4","0.95103884997036","1.4002936449418","1.1773094580143","1.852730314563","0.040118328698121","3.0322708588386","0.14846772880235","-0.058283306148461","0.48745254354356","-10.703346355932","0.50761459766244","0.020364649280986","0.039732221913225"
"CMG","2016","1","1.0006110969065","1.3890351288205","1.1777658716292","1.8542061845959","0.016464247312097","-4.2061141226643","-0.07166275655759","-0.05779261212301","0.50015272756096","-4.1385331461518","0.44215490476764","0.0072797477023514","0.014563944036004"
"CMG","2016","2","1.1186195997957","1.3813352455499","1.1491246515193","1.8703765431763","0.020884503185124","2.9480455899065","0.05660082562085","-0.052038948234882","0.52799454885794","-3.9928555563656","0.41565140127558","0.0086806730138412","0.018391043986542"
"CMG","2016","3","1.1843898824912","1.2622755528349","1.0955360796516","1.8758961215985","0.030662035972024","1.1826671903258","0.036539633216877","-0.047228204504176","0.54220626637424","-6.3496623379419","0.48738434407064","0.014944196290095","0.032643951178047"
"CMG","2016","4","1.1594716745675","1.2396636242953","1.0793505377105","1.8640798166392","0.036888402024169","3.3372674076359","0.1192023239597","-0.050720985870303","0.53692377085692","-11.004522599246","0.46888665373624","0.01729647938679","0.037351257305513"
"CMG","2017","1","1.0689021213425","1.1796375658822","0.9995285982345","1.8492995472392","0.022347589534869","1.3167952644412","0.027024951880974","-0.067697100355239","0.51665185622648","-5.192330429717","0.44088821987229","0.0098527889684651","0.020384455997997"
"CMG","2017","2","1.1704192037997","1.1914882340824","1.0418490064559","1.865287731137","0.025485364272926","0.67142439359442","0.013748615142403","-0.05452220727074","0.53925951343901","-5.0183148330203","0.39826475687319","0.010149922405981","0.022029586507019"
"CMG","2017","3","1.2160513731585","1.1985892271898","1.0456531913019","1.8275687728047","0.05237244452113","0.90352700396144","0.049698899758819","-0.059882046559303","0.5487469234187","-13.939692244746","0.5172360721291","0.027088917491909","0.060030432805322"
"CMG","2017","4","1.4586044701923","1.1564669767819","1.0120619562578","1.8462495066601","0.035890465690317","1.4530623505838","0.044860083384507","-0.053222270013614","0.59326519896803","-7.7887271617926","0.4540929860687","0.016297608736712","0.040069373693526"
"CMG","2018","1","1.4009002924204","1.1750620991207","1.0389878652502","1.8368902708315","0.0045025395633674","9.1590330779149","0.030418449261823","-0.07134851151987","0.58348957549092","-3.6875126311498","0.34843528911141","0.0015688436744975","0.0037666372368629"
"CMG","2018","2","1.5379649368414","1.2031452572591","1.005374604332","1.8396871848766","0.031777844365975","1.0749637626501","0.02511767874313","-0.054317359737247","0.60598352424658","-4.6231984113894","0.36514565018269","0.011603541642418","0.029449381831637"
"CMG","2018","3","1.5412741086602","1.160583061144","1.0022302374857","1.8437814345228","0.031334734601106","-0.68547153593165","-0.016502884102007","-0.068912980737597","0.60649660082233","-5.4706325394993","0.38771692042936","0.012149006802012","0.03087395643189"
"CMG","2018","4","1.6220553050929","1.1601730822613","1.0181192460359","1.8424929405426","0.032521941941179","4.7092898657745","0.11845818449826","-0.058666375815065","0.6186197911014","-4.8789056499283","0.40417224113988","0.013144466160588","0.034465517228983"
"CMG","2019","1","1.7220317564173","1.2864153641114","1.1692530044488","1.8244142394519","0.01308626245552","1.2769600848935","0.012224048727129","-0.064740009214185","0.63262735725163","-4.6770623311645","0.33707944459668","0.004411110080353","0.012007181719773"
"CMG","2019","2","1.9197033675729","1.27004581732","1.1650574945805","1.8280980699304","0.0077618643098054","2.1859047543047","0.0097777277868427","-0.071296379031133","0.65749945316148","-1.3489727534936","0.27427273048479","0.0021288677179028","0.006215662245078"
"CMG","2019","3","1.114672930694","1.7737620358519","1.6555539993926","1.8177801476024","0.037708788434766","-0.33218543643292","-0.0088244579024154","-0.077192547713972","0.5271136328057","-6.0686831876112","0.25751755675194","0.0097106750657967","0.020534901700405"
"CMG","2019","4","1.0874361331912","1.8040859349888","1.6298604297258","1.8053285200944","0.04506650312568","2.390495072535","0.094964506166904","-0.062144257468399","0.52094342715471","-4.8753456733484","0.31470128221621","0.014182486318652","0.029605034400044"
"CMG","2020","1","1.0641891603669","1.7583143048725","1.6337947865474","1.8107780992424","0.022022145278167","4.4206954223074","0.062855071894069","-0.10808592610886","0.51554827474132","-2.3542774878276","0.23104648059192","0.0050881391616045","0.010502881703822"
"CMG","2020","2","1.1616846934223","1.6730965236163","1.5580119962024","1.8168658471969","0.02679844731639","1.4567360477073","0.021915567690537","-0.072519398765531","0.53739784389331","-2.7504097899624","0.21339334883264","0.0057186104163595","0.01236183260469"
"CMG","2020","3","1.1911476421971","1.5397183546174","1.4269857111526","1.8183402521249","0.037590946902295","4.6154867166239","0.11174957243894","-0.074114503270631","0.54361815664906","-3.8928683006122","0.25213473117641","0.0094779832918767","0.02076766074278"
"CMG","2020","4","1.1752676085703","1.5212307832311","1.4205943500717","1.8041558795462","0.046473377039159","1.2056235006098","0.043128419851357","-0.062316699546847","0.54028644748806","-4.8834793763935","0.30304504079717","0.014083526440814","0.030635438881146"
"CMG","2021","1","1.1452545128942","1.4534438596722","1.3339195122738","1.8619445952237","0.021390581819898","0.12550730837116","0.0018158587642335","-0.080416717423204","0.53385484380086","-4.0406966867644","0.26716972429607","0.0057149158473549","0.012259949012349"
"CMG","2021","2","1.2014653284128","1.4522218310469","1.3363540684774","1.8194352887446","0.033891675513983","1.9767169402301","0.040478468093909","-0.070345762347879","0.54575709774136","-4.1771220159495","0.24762813432487","0.0083925323766716","0.018475869044824"
"CMG","2021","3","1.1945167005865","1.4622972147704","1.3219030870668","1.8006010996406","0.047591181268074","4.3435603078942","0.12861369556373","-0.073792094394868","0.54431880161462","-5.8057392506342","0.25372848934785","0.012075238529428","0.026499312616396"
"CMG","2021","4","1.3147900514457","1.482470751278","1.3048829271639","1.8134416981525","0.053508259824982","1.7491186328593","0.068197816854622","-0.060250983789","0.56799537851157","-6.5575503164959","0.30657637437791","0.016404368296414","0.037972668532791"
"CMG","2022","1","1.3257313150815","1.3534679139707","1.1757055557702","1.813244061364","0.018931422914238","2.4690948071573","0.031977340217108","-0.090629431974222","0.57002771837169","-4.5370872028443","0.28384048223571","0.0053735042093856","0.01249732701149"
"CMG","2022","2","1.2888516012862","1.2441337710369","1.1199612228259","1.8116174737605","0.046746301532625","0.86969362374005","0.024722519850848","-0.060423300405423","0.56309967870434","-4.6146639017778","0.26522467166291","0.012398272475446","0.028377805808606"
"CMG","2022","3","1.2061539535887","1.2334669244237","1.0859243791498","1.7991411423089","0.041783181163823","0.1784014244558","0.0049120403351718","-0.074780564710293","0.54672247674587","-3.3784199717191","0.28047728434019","0.011719233183923","0.02585443262174"
"CMG","2022","4","1.2508284441669","1.3200647741056","1.231698379593","1.8263708138945","0.048478404297883","5.3245385280286","0.20624942152001","-0.061658548465131","0.55571913861692","-4.0672538135242","0.33254213406622","0.016121112021343","0.03628585748924"
"CMG","2023","1","1.1013167239417","1.2063390248026","1.1081858074028","1.8070401743242","0.023435652461152","-0.061858730254718","-0.00090552217164653","-0.10102541479581","0.52410791357327","-1.4502005051053","0.27900741032113","0.006538720702372","0.013739923165078"
"CMG","2023","2","1.1992577560354","1.0802052096735","0.98504146491794","1.8280233162213","0.047371762705906","0.29872866213891","0.008371333162883","-0.056104827080672","0.54530113750619","-4.2158339377445","0.25401586789859","0.012033179417627","0.026464063163982"
"CMG","2023","3","1.1328862806786","1.1733218055737","1.0831248705214","1.8247855352041","0.037817212473112","-0.03153163464991","-0.00075340985034831","-0.065610370707496","0.53115175006807","-3.1862384820041","0.25880001819914","0.009787095276282","0.020874761242476"
"CMG","2023","4","1.2236042949438","1.1882116517374","1.1117287122135","1.8078831603942","0.061451985036055","3.045605249004","0.12798950276695","-0.057527206745516","0.55027969577417","-5.7298845751071","0.29080050091745","0.017870268030857","0.039736404745211"
"CMG","2024","1","1.0494825598627","1.1436559255634","1.0956394004642","1.7899068560434","0.032971780826157","2.692102584216","0.053359225132188","-0.091426528266874","0.51207196412202","-4.65237737828","0.24334346369966","0.0080234673505831","0.016443956404648"
"CMG","2024","2","1.1227481324525","1.2257912753067","1.1611073080547","1.8107086452731","0.046405845667083","0.95514028613028","0.027160155394848","-0.06704806217273","0.5289125522185","-4.8780493092586","0.24555829533418","0.01139534035555","0.024189437458404"
"CMG","2024","3","1.227639941324","1.1901999681863","1.127127671936","1.8497961436592","0.026904572435173","0.83272688693519","0.014924752946898","-0.061178515163701","0.55109441995117","-3.5000260911819","0.28608284628427","0.0076969366603158","0.017146003530361"
"CMG","2024","4","1.1529122823911","1.253051672737","1.1858028515296","1.8063484182396","0.054955425873237","3.6541013702189","0.14618512478914","-0.058181427826003","0.53551289191895","-4.8688181341121","0.29834742554144","0.016395809828814","0.035298740360202"
"UNI","2008","2","0.31133828637082","3.0769996807633","2.4108398197506","1.8199968553553","0.11087644496155","0","0","-0.080416374930898","0.23742026722369","-217.23350409403","0.13143414584902","0.014572950838297","0.019110068379658"
"UNI","2013","1","0.23790826350062","2.8303010654027","1.2083147649596","1.8505404855918","0.028159013882261","-68.789691006469","-0.52632415500709","-0.039736395162901","0.19218569785442","-2.1503858993597","0.052075139564429","0.0014663845779154","0.0018152495864714"
"UNI","2013","2","0.28384499194203","2.4059491253659","0.99671150518273","1.8847697370843","0.083663904410731","-11.546403549024","-0.23945964750622","-0.036570422479918","0.2210897684094","96.66175644424","0.054669300183793","0.0045738471047785","0.0058721106993784"
"UNI","2013","3","0.26010688436503","2.5358601438507","1.0031387829395","1.8589073365412","0.010187185061843","-14.974402015085","-0.025514351139125","-0.043142482313079","0.20641652513159","-157.77493132307","0.03443144068395","0.00035075945819326","0.00044199440802548"
"UNI","2013","4","0.25773108888257","2.5370865777866","0.94074496660234","1.8502595923867","-0.033031738829391","-0.96872168203052","0.0085159673747024","-0.042129736766831","0.20491748288702","0.63783569509122","0.054387482973547","-0.0017965131331701","-0.0022595304191739"
"UNI","2014","1","0.24900646326272","2.2295311973766","0.95246863412793","1.8545579931285","-0.0055260493653067","22.012199085067","-0.020694406720047","-0.051075446794944","0.1993636306831","1.2244393728882","0.03382168528231","-0.00018690030248791","-0.00023343968579316"
"UNI","2014","2","0.23643984978374","2.2848884672023","0.97007555024463","1.862079987755","0.045344833927284","6.5584969688201","0.061569138039854","-0.048537910864648","0.19122632599159","-0.699602934503","0.039472148782759","0.0017898580313073","0.0022130517953638"
"UNI","2014","3","0.23894206537553","2.2702636190093","0.95157824501471","1.8460224667805","0.0082276814474236","-3.957460379436","-0.0062202672290398","-0.047494493824508","0.19285975676604","-1.0985612029038","0.036735146687649","0.00030224508487035","0.00037446414969888"
"UNI","2014","4","0.23489453252791","2.2825700868099","0.98468791414698","1.8679663579705","0.082788009676539","2.9740810877018","0.051976289220034","-0.043365276809287","0.19021424610818","-2.1947322077065","0.040034696882773","0.0033143928729283","0.0040929256374287"
"UNI","2015","1","0.19339022702191","2.6501616912715","1.1018592800445","1.7276363954842","0.55449708973464","0.45454553606249","0.072777407507866","-0.027724297423853","0.16205112346572","-286.11322259698","0.04662848055392","0.025855356765897","0.030855530080586"
"UNI","2015","2","0.15082151466891","3.1715413300858","1.6228214780053","1.7817777566664","0.095217529296899","1.2621838754256","0.099450860249166","-0.051508896736915","0.13105552229122","-13.30026537637","0.10796838257903","0.010280482631357","0.011831000593346"
"UNI","2015","3","0.14484389134508","3.3523507540741","2.2088653845158","1.7571216419518","0.16836255914142","-0.029046422633171","-0.0066545483628571","-0.0069028940129809","0.12651846460472","-141.32640156681","0.17139309287662","0.028856179735871","0.033035821098167"
"UNI","2015","4","0.052249971427829","7.5437984048226","5.6035380477722","1.7952778127728","0.119092211891","5.8822906247168","1.6805553043672","-0.017051568465054","0.049655474313703","-81.71058021329","0.11767062407828","0.014013654896077","0.014745867963996"
"UNI","2016","1","0.035189080161614","8.0957509934936","7.2146048569271","1.8638258207403","0.018216929859965","-35.894662218688","-0.81549069036353","-0.030501436396921","0.033992901235125","-402.46982983596","0.041627701764795","0.00075832892328081","0.00078501382055101"
"UNI","2016","2","0.039632006457834","7.1719950353754","6.404312680739","1.8342148614316","0.020745590951523","-3.9511138600738","-0.11561243001191","-0.032332219310665","0.038121187315948","-4.2010363794951","0.052906494421054","0.0010975764919382","0.0011410756505547"
"UNI","2016","3","0.044558129218834","6.9427625923576","6.3771004738819","1.802903139793","0.07319143629036","-1.0108865357383","-0.12370528912803","-0.024967626227973","0.042657395478944","-20.618080906006","0.070310209359699","0.0051461052089123","0.0053754060297847"
"UNI","2016","4","0.06110177876802","4.7299751553702","4.4408436573084","1.9575275786893","-0.10170770244667","-1.4657843960529","0.10593528149907","-0.044989369910672","0.057583334596764","12.254383268125","0.040493563097087","-0.0041185072664841","-0.0043701553863353"
"UNI","2017","1","0.041989083854691","6.1243532427651","5.692001770629","1.8574990326398","-0.050936197141967","-7.9787916167427","0.16492049469763","-0.097579015903245","0.040297047738119","2.3184031097191","0.016105476743968","-0.00082035173849612","-0.00085479755643417"
"UNI","2017","2","0.050741903770886","4.7277502429663","4.5275138072488","1.6306925549832","0.21672922918716","5.1483989728468","0.77847762535514","-0.054787186171169","0.04829150107061","-23.831524186956","0.03327405268365","0.0072114597900605","0.0075773829887753"
"UNI","2017","3","0.045637449213905","5.0084869725322","4.7397924773439","1.8722515504709","-0.059316193820262","4.3963173765649","-0.097462893853336","-0.07472706900978","0.0436455764359","3.3336729290437","0.016087149405775","-0.00095422847216845","-0.0009977770256055"
"UNI","2017","4","0.090340293885236","3.2049810550075","3.1352309627101","1.8944409666595","0.022680952679333","-60.577014686865","-0.50813112330413","-0.021735765028564","0.082855136503599","-0.89324298799985","0.030429062026868","0.00069016011590789","0.00075250938360688"
"UNI","2018","1","0.080113840190419","3.2869143760485","3.1924029165449","1.9071319562991","-0.087134775271618","-10.399780274622","0.10912349989595","-0.083936508045521","0.074171663401975","2.6321387235149","0.0088615270269798","-0.00077214716605926","-0.00083400684072441"
"UNI","2018","2","0.096220245720557","4.2074991970214","4.1260453927397","1.9197728911897","-0.28054701250329","-3.2195976362416","0.11470060632744","-0.061562609976897","0.087774556341377","1.4747945014487","0.011072907735094","-0.0031064711848053","-0.0034053766055311"
"UNI","2018","3","0.060023796105552","6.0244386431512","5.8417122655779","1.9118541334817","-0.10714794772798","86.582159354793","-1.6589221542335","-0.065891369619723","0.056624951558706","-inf","0.010018754908837","-0.0010734890272715","-0.001137923913766"
"UNI","2018","4","0.077884195140193","3.5316725088522","3.4455110221624","1.9218009829293","0.32853203597227","19.575600878012","1.3920569803701","-0.043747638953444","0.07225655176256","-6.3481152062512","0.015513655730635","0.0050967329025584","0.0054936878425187"
"UNI","2019","1","0.068334068227139","3.6745346443771","3.5898462025843","1.9168716192976","-0.10766424259951","-4.7376027131045","0.081673353816405","-0.055314313626655","0.063963202390931","-inf","0.010147458275068","-0.0010925184094953","-0.0011671746370292"
"UNI","2019","2","0.064025538453172","3.4041640044385","3.3352209051887","1.7365353169005","-0.0078267499257939","-308.39502500202","0.44235378741534","-0.048673444861078","0.060172933956312","0.11728179424614","0.010919090325121","-8.5460989391875E-5","-9.093267525443E-5"
"UNI","2019","3","0.0601540257398","3.474819238505","3.3995234967495","1.9369129906304","-0.17165084716037","-2.0534321140466","0.048791011596248","-0.072263716588596","0.056740836028825","-inf","0.0077719350454414","-0.0013340592346254","-0.0014143082681635"
"UNI","2019","4","0.060929827316546","3.5235344062825","3.4618800916166","1.9403722415494","0.25562431437837","-2.0057972798767","-0.088922450320493","-0.063123582284427","0.057430591305608","-0.65757628103625","0.0098572595641064","0.0025197552177243","0.0026732834680202"
"UNI","2020","1","0.040219884298039","2.4689431825715","2.4220860648896","2.2448103470814","-0.54271776601493","-22.504908153575","1.846818182095","-0.072119667627614","0.038664790882344","13.222200357986","0.0057546195593944","-0.0031231342715404","-0.003248746370589"
"UNI","2020","2","0.03889732615171","5.2643441740665","5.2391589270899","2.010623991309","1.4175786550122","-1.7936072430105","-0.37558271280809","-0.058346120233539","0.037440972435451","2.3086371370828","0.0054416191395055","0.0077139231408688","0.0080139741251884"
"UNI","2020","3","0.064786389830566","0.41921211138291","0.40941803544078","1.9711179108116","-0.054089213590435","-424.41072729958","1.8546504799828","-0.02342434315046","0.060844494679233","-inf","0.0048681739869609","-0.00026331570257613","-0.00028037497633174"
"UNI","2020","4","0.13000393789363","0.47003348474703","0.46856712813966","1.9719794760564","-0.23594927790947","0.44028006391405","-0.0053646562449093","-0.021457237162083","0.1150473317252","2.375822156327","0.0059124992690279","-0.0013950499331674","-0.0015764119180374"
"UNI","2021","1","0.53113243325507","0.28104228876399","0.28080654697135","1.8891876342287","-2.2616309809376","0.45836756642477","-0.0030986030514572","-0.082616250475259","0.34688863074105","1.1475996842171","0.0010356601373441","-0.0023422810523396","-0.0035863424870359"
"UNI","2021","2","0.59429565253464","0.040879715935585","0.04064204270017","1.918219584288","2.7647787535013","1.8478897982937","0.011194630168642","-0.04959955942302","0.37276376661369","0.74247088225917","0.00081594142866227","0.0022558975260669","0.0035965676183721"
"UNI","2021","3","0.59912757100129","0.038405337771067","0.038252932892022","2.0483542310026","-0.76655079225946","-13.671075309234","0.007958640165883","-0.0052867911806352","0.37465902149767","-inf","0.0002842411196827","-0.00021788525548549","-0.00034842631936151"
"UNI","2021","4","0.60327289728884","0.033828970347537","0.033759831296225","1.3133262907075","0.24886427259685","-28.181510136893","-0.020207637218995","-0.041628397503005","0.3762758656427","inf","0.0010841642577461","0.0002698097493795","0.00043257865860444"
"UNI","2022","1","0.71748916910899","0.036488696577178","0.036488696577178","1.7778363802559","-7.1879715493601","3.6766191017084","-0.0019758594312228","-0.34031844149909","0.41775469797065","-inf","3.1233625463266E-5","-0.00022450641121333","-0.00038558732965442"
"UNI","2022","2","2.0820048586395","1.7176080751001","1.7176080751001","","-inf","566.28690172195","-1.6150822443759","inf","0.67553587814867","-inf","0","-0.00073286250701165","-0.0022586858073246"
"UNI","2022","3","2.1851234391176","0.64431506196206","0.64426390346115","","-inf","-13.596603181619","0.026770337357219","","0.68604042539807","-inf","0","-0.0013507442545226","-0.0043022871853335"
"UNI","2022","4","2.0278234814063","0.37359146909712","0.37353634821653","1","0.064454079548437","4153.4031254959","0.22621829969234","0","0.66972975599768","inf","0.00056594318254173","3.647734690744E-5","0.00011044696750575"
"UNI","2023","1","2.0170189309308","4.2621194559498","0.90706986715187","1","0.365665244","-73.75958812208","-0.12408336115254","0","0.66854699195027","inf","0.0010127459888322","0.00037032600911634","0.00111728058012"
"UNI","2023","2","2.0217739508721","2.9600886119203","0.55465562928311","1.0879831171429","0.28123661","-46.685848718527","-0.055282596808997","0","0.66906856162705","inf","0.0014139122981313","0.00039764390156375","0.0012015899834685"
"UNI","2023","3","2.0239583475497","4.4528408420514","0.8307588422479","1","0.18790943333333","9.3683182233043","0.0081320187232309","0","0.669307614369","inf","0.0010288117201545","0.00019332342734092","0.00058460199188449"
"UNI","2023","4","2.0288986236317","4.4569703425463","0.84368781634948","","inf","17.636982710927","0.022453354400797","","0.66984698919999","-inf","0","0.00028563879866254","0.00086517096412478"
"UNI","2024","1","2.0348741234838","4.4007965851376","0.83016990975846","1","0.42132276","-24.395370669124","-0.029596855571933","0","0.67049704227862","inf","0.00065194286564402","0.00027467836751545","0.00083361426985342"
"UNI","2024","2","2.0363444839315","4.4138381761942","0.81823137970045","1.2651515151515","-0.2461151030303","-2.1357971899426","0.0015358868694648","0","0.6706566052396","-inf","0.00066197950652678","-0.00016292315445279","-0.00049469082132744"
"UNI","2024","3","2.0406555102883","4.3910504222197","0.8120539515613","1.2525948178144","0.14392177669975","1.7213600701754","0.00044381550343241","0","0.67112354667721","inf","0.00040797712073504","5.8716792069035E-5","0.00017853753735116"
"UNI","2024","4","2.0615822076698","4.2908036484796","0.8091877708082","1.3360000005376","0.075203428920325","-301.13023287045","-0.040263001601177","0","0.67337150134501","inf","0.00041435778641291","3.1161126338087E-5","9.5402349967637E-5"
